item_id,order_id,product_id,quantity,unit_price,discount_percent
4215,1720,355,6,13363.64,7.5
992,409,104,5,3310.66,16.99
2258,922,364,1,2738.36,15.54
3900,1594,477,1,8167.91,12.09
3194,1308,382,2,12537.92,28.6
4451,1815,338,6,15285.25,21.86
980,403,265,4,8150.43,9.21
2054,837,144,1,24930.61,14.98
4667,1899,508,6,9553.71,12.06
2629,1067,31,5,6779.71,6.3
157,62,201,4,23199.49,18.59
2558,1040,331,5,12521.61,27.74
2228,908,140,4,11833.16,21.53
1063,437,246,5,1878.97,19.31
974,400,475,4,23194.79,21.44
496,208,43,5,27235.84,0.11
1684,688,391,5,10744.85,30.32
1466,604,245,5,24640.96,22.19
60,24,3,4,2375.56,32.13
4666,1898,280,6,27075.74,22.01
99,40,343,2,27553.08,28.03
942,388,352,2,17487.6,32.34
930,384,307,3,5428.03,27.02
2895,1181,455,4,11924.54,22.94
3362,1372,211,2,27743.31,18.69
2473,1006,496,1,23405.57,23.35
4102,1674,166,2,11982.51,10.19
984,405,209,1,14701.08,21.37
795,331,317,2,15423.58,29.0
4614,1876,334,6,19584.06,22.08
4662,1896,537,6,10549.4,31.29
1496,616,115,5,5681.52,15.7
1092,450,368,5,3447.21,1.48
4658,1895,357,6,26879.45,32.98
4201,1715,129,6,12000.71,6.07
4395,1793,456,5,17570.94,20.96
3667,1499,328,2,3688.16,36.13
1052,433,214,5,15729.25,2.6
3059,1253,435,-1,29775.04,34.05
2056,838,264,1,12787.02,20.55
4912,2000,21,1,9355.13,13.59
3470,1415,249,6,18941.32,35.24
3,1,339,6,21970.35,25.41
3416,1394,337,3,15104.06,15.51
222,91,376,-6,23781.76,9.51
1641,672,287,3,11092.57,20.36
3733,1525,117,5,27039.29,25.6
1947,794,386,3,13091.62,30.88
591,243,121,4,8794.54,3.61
4862,1981,222,6,23176.99,15.25
2242,916,206,6,12407.37,39.35
4006,1638,463,5,22041.71,22.37
2389,972,310,-4,645.46,4.07
4674,1902,115,2,6649.17,4.32
3738,1528,140,3,3685.58,33.3
3560,1456,245,3,18465.14,24.92
272,113,200,2,7040.18,37.49
1339,556,233,5,18812.06,12.52
2567,1044,63,6,28515.9,32.46
3618,1479,462,3,4649.19,24.77
86,33,252,3,12826.65,1.56
2295,938,129,2,19021.31,19.97
879,365,321,2,13501.03,10.3
1963,801,397,3,7277.95,6.23
4293,1751,98,5,10317.61,11.13
3699,1508,245,6,4292.25,14.47
4706,1915,428,4,26556.29,6.28
3781,1544,280,2,6384.85,27.97
2919,1190,186,4,28287.91,17.11
4493,1829,53,6,2476.24,34.9
4371,1783,475,1,17695.06,24.64
1014,418,282,3,26636.49,0.91
1050,432,436,5,29555.07,31.55
1887,772,221,3,8151.8,5.54
2294,938,127,4,12580.36,20.14
3218,1319,521,4,27466.73,2.38
3467,1413,388,5,25422.03,37.55
184,74,402,3,3815.51,22.23
1930,788,344,5,20471.45,21.58
3709,1512,144,6,27774.45,0.87
1787,737,375,3,8957.69,5.83
4498,1830,137,3,6856.71,24.64
4781,1947,92,-4,3217.55,26.01
143,57,1,4,28046.18,30.13
4091,1670,319,6,3203.11,0.93
354,146,503,2,25525.23,39.62
4124,1686,257,2,22198.45,4.44
2966,1209,369,5,23551.83,11.42
1337,555,288,6,6016.01,17.35
3722,1519,476,4,26362.68,20.01
4452,1816,17,2,21400.71,1.01
2883,1176,36,5,1632.13,18.76
303,124,257,5,19486.28,11.93
1260,521,464,-6,25788.96,17.39
3548,1451,51,1,17701.22,5.37
91,35,538,5,3093.67,4.53
2184,891,308,6,18174.79,38.09
1598,653,239,1,15960.34,39.0
4859,1979,548,3,17787.63,22.13
3966,1620,20,2,23909.79,26.0
372,155,422,2,22010.87,31.98
1089,450,362,3,27696.18,18.81
1967,802,511,6,178.15,32.43
4345,1772,261,1,12402.79,9.83
2197,896,529,4,17712.38,24.45
4077,1662,253,6,27528.95,2.71
4676,1903,364,4,19202.38,37.67
1663,681,453,1,28454.31,35.9
2803,1143,241,5,20930.63,2.05
4854,1977,376,3,13244.67,19.53
1826,753,303,3,23238.77,19.96
2320,948,252,5,21575.92,11.59
1917,782,106,4,9601.06,11.27
2387,971,419,4,23643.7,36.4
2870,1172,77,6,12784.93,13.39
1737,708,253,6,12447.47,4.05
3053,1251,23,3,21307.39,10.78
3749,1532,217,3,23718.98,11.79
1793,739,525,4,3167.96,0.21
4150,1696,516,-6,23943.96,12.38
862,357,395,4,8524.25,10.19
1616,658,28,2,6917.17,27.17
1196,492,306,2,231.91,37.11
633,260,98,5,670.99,13.14
4868,1983,500,4,29178.64,0.34
4069,1660,426,-1,7704.15,2.11
525,219,516,3,15560.38,15.53
3183,1303,228,3,7042.61,10.05
2733,1115,101,6,21425.85,10.66
3511,1433,536,1,13663.84,27.53
2405,977,219,2,24626.16,30.13
4032,1647,195,2,10249.56,18.9
4542,1847,52,2,22739.34,15.47
1716,701,198,2,10972.15,20.68
2715,1107,74,5,26375.71,0.84
4888,1990,491,1,25302.83,31.34
4548,1850,415,6,3308.77,22.92
1939,791,496,4,27603.63,38.01
3735,1527,55,1,3944.98,3.02
1568,642,278,-4,20415.5,20.61
444,187,242,5,16605.84,32.82
1749,713,308,1,24637.72,10.49
4853,1977,63,6,8070.82,6.76
1338,556,65,-6,28722.62,23.82
1743,710,98,3,12766.01,19.28
396,166,149,4,4612.86,6.07
1081,446,324,6,22330.1,31.69
4264,1739,244,6,6355.5,0.52
2384,969,384,4,19989.22,6.07
4840,1973,213,1,14315.18,7.51
4346,1772,132,5,15508.74,32.49
1040,428,194,6,136.55,19.62
3658,1495,363,1,21149.58,36.67
2876,1174,88,5,7924.57,0.79
921,380,112,1,5777.17,26.55
1024,422,139,3,13885.05,16.02
976,401,176,2,9227.69,27.25
1053,433,506,2,13351.31,29.9
4828,1968,148,2,14807.74,27.98
3345,1366,360,5,26169.14,10.55
2092,854,318,2,3046.35,21.42
1420,584,159,5,18135.75,38.05
2655,1078,96,2,15518.49,4.43
4597,1868,355,6,13635.23,9.79
3899,1594,253,2,25663.56,25.59
1961,800,504,1,3323.13,22.82
3370,1374,473,4,14133.05,20.73
907,376,285,5,2986.4,6.44
3729,1524,278,2,4721.25,35.53
770,320,355,5,25756.12,22.64
2974,1212,164,4,14696.87,0.96
754,313,158,5,5362.71,28.83
366,152,334,2,15376.75,31.02
4426,1807,76,4,459.59,22.16
3495,1427,22,3,14245.14,28.13
1758,718,272,1,28654.9,34.6
1908,779,384,1,29076.79,34.98
4441,1811,343,5,20104.23,24.98
1418,584,394,4,28998.3,37.95
1340,556,275,2,21810.78,9.38
4494,1829,303,1,15327.98,9.88
2064,841,316,5,28079.22,26.3
4476,1823,38,5,8211.73,32.62
2832,1156,15,4,13184.22,16.21
3352,1369,265,3,7187.0,32.19
2864,1169,453,1,21002.34,10.9
2853,1165,239,6,22483.07,7.27
2296,939,175,6,25086.18,22.74
3269,1341,192,-5,1477.27,9.98
3875,1584,205,6,21407.31,3.56
4892,1992,217,3,16111.13,17.63
1028,423,62,-6,10082.52,12.87
2220,906,487,1,11680.01,16.6
4392,1792,278,6,242.86,29.85
3679,1503,12,2,28883.09,11.2
3663,1497,515,4,28737.87,39.72
172,70,297,3,2642.71,32.51
2591,1055,443,2,376.82,31.16
3469,1414,125,6,5543.65,5.56
4618,1877,516,3,29284.86,31.64
873,363,181,4,20584.47,10.43
4367,1782,43,5,29452.37,7.53
631,258,333,1,18905.43,12.38
1905,778,446,5,16912.51,14.82
3394,1383,473,6,13127.84,33.79
3578,1462,81,4,2317.51,5.02
3555,1455,290,6,20139.55,6.99
4294,1751,169,3,15942.13,36.9
2906,1185,548,3,12786.3,20.47
104,42,398,2,8851.92,5.45
3904,1596,352,3,2039.66,5.09
349,142,382,6,19455.47,9.28
844,349,164,2,15657.39,6.13
3341,1365,486,2,15078.54,39.45
1090,450,81,6,24568.4,28.81
2299,939,361,4,4066.81,25.09
1739,708,80,4,25827.28,26.95
3187,1304,318,4,11514.65,0.03
1880,770,421,3,15388.15,23.55
2903,1184,448,2,11279.17,9.74
2142,874,275,5,25451.75,12.42
1221,503,152,4,15534.21,12.01
2598,1057,153,4,15780.91,22.29
19,9,84,2,14487.09,37.14
3314,1356,512,5,27649.74,8.34
4011,1640,242,-2,3327.41,30.06
3391,1382,532,3,15127.02,10.68
1527,626,137,3,4999.58,15.79
3369,1374,118,4,15580.67,23.68
115,47,249,4,8289.53,1.96
3441,1404,425,5,24629.13,24.51
1376,568,429,-4,11473.4,7.19
3001,1226,63,-6,27759.68,19.14
4435,1809,445,6,28016.64,22.45
2383,969,500,3,16065.62,35.02
3533,1443,194,2,2301.72,23.55
4226,1724,495,1,3109.15,25.16
1433,590,393,3,23598.54,37.59
1622,662,329,4,16779.01,12.1
1197,493,203,3,28236.41,32.53
1377,569,450,-2,7828.06,24.29
503,210,93,3,7910.44,12.54
2172,885,292,1,10611.43,24.84
4065,1659,66,5,17971.87,28.0
2592,1055,470,4,9448.56,11.57
1022,422,44,5,15980.45,33.05
510,212,58,4,1569.64,23.76
3349,1367,259,3,21535.34,5.19
1702,695,309,2,13678.83,2.12
2410,980,533,1,23052.55,38.94
562,233,161,5,5254.83,34.68
3147,1290,382,1,2928.63,20.39
3507,1432,56,6,18908.79,18.92
4351,1775,74,4,28195.69,34.16
3930,1607,474,-6,8749.92,32.14
2243,916,14,1,964.2,39.98
4554,1852,57,3,15092.74,3.62
2581,1050,307,3,2229.07,23.75
1440,593,460,5,3105.07,21.05
2461,1000,354,4,27235.88,35.73
4918,4123,152,2,646.42,1.99
2533,1031,455,1,5029.72,0.78
783,326,385,5,17768.94,18.03
1248,516,190,4,5587.84,36.67
423,180,436,2,7613.31,33.66
227,95,103,2,7695.4,13.62
3886,1589,79,5,20422.29,39.87
1500,618,289,6,9948.39,20.55
1657,679,308,1,29780.69,14.91
779,324,396,1,8377.78,19.05
4254,1734,218,5,29215.84,22.0
580,238,481,1,549.83,30.92
2786,1136,329,4,18257.28,34.1
2561,1041,242,4,1376.91,8.11
4322,1764,399,6,16375.99,12.78
4321,1763,389,2,8395.94,38.58
727,301,341,5,9259.85,3.5
3865,1579,539,4,8341.32,2.47
3205,1313,375,1,27362.17,4.06
995,410,408,5,29609.41,8.98
4908,1998,91,2,19018.18,10.87
3605,1475,347,4,15486.4,36.22
4775,1946,427,4,27467.67,37.41
1114,463,10,5,10171.47,21.73
752,312,223,4,18863.64,3.47
4566,1856,65,6,23915.26,30.12
543,225,174,1,10673.54,0.5
2584,1051,94,2,22009.53,35.44
1344,558,269,3,1631.76,29.11
3980,1627,328,4,20954.89,0.55
1501,618,128,-5,16875.69,28.73
4466,1820,525,6,778.72,39.2
854,353,17,1,4975.02,6.54
287,118,449,2,26010.85,9.27
3196,1309,27,2,23583.59,19.28
1942,792,63,1,2580.03,2.93
1813,747,233,4,23215.96,26.71
2233,910,457,6,7687.12,33.03
3003,1226,158,3,344.02,22.15
3373,1375,216,-3,24276.0,13.76
1741,709,473,-1,791.33,32.26
300,124,296,5,28597.3,5.07
4016,1641,80,6,1565.81,15.72
3343,1365,200,4,26522.87,2.04
1431,589,18,2,17289.86,12.86
2987,1217,527,3,28716.37,11.45
3168,1296,312,4,16772.85,22.84
3141,1288,502,6,23767.36,18.54
1479,609,466,6,4852.07,0.72
139,55,96,3,16153.04,25.16
4663,1897,189,3,19117.94,31.34
2915,1189,458,3,8911.15,23.35
3074,1259,487,3,331.8,0.48
3195,1308,411,1,6780.39,12.55
666,273,91,4,6676.33,5.44
1825,753,409,5,19240.42,33.96
449,189,450,6,12495.83,24.12
2630,1068,232,1,29212.38,11.12
1614,658,24,4,7143.44,18.41
1333,553,80,4,8133.18,17.14
3061,1253,509,2,29063.36,15.06
1020,421,255,5,17247.81,18.97
3645,1489,281,2,7044.25,36.15
1027,423,411,5,10661.57,31.94
4697,1912,14,4,2247.45,15.65
1201,496,16,3,1500.84,4.04
843,349,433,4,13508.82,13.47
304,125,525,5,19453.4,11.34
3562,1457,481,1,4423.4,1.44
320,132,401,2,5917.58,38.42
2344,955,63,1,5830.97,1.51
3612,1477,183,2,17588.4,4.65
2856,1166,155,2,15604.74,27.75
2187,892,371,3,7547.77,22.48
3107,1273,458,1,14673.8,31.07
1533,629,301,2,8977.98,26.39
1991,811,419,2,15826.34,26.59
3532,1442,356,6,24776.69,3.36
3319,1358,355,2,29876.71,0.94
1012,416,215,5,22584.37,33.96
2605,1060,2,6,16663.88,26.93
180,73,175,5,1352.01,28.57
1125,467,443,4,1704.69,2.34
4400,1795,330,3,28195.49,20.35
1592,651,326,1,10682.73,30.8
344,141,346,5,22249.98,26.77
1269,528,35,2,17468.77,32.53
2436,991,97,4,8529.97,20.94
476,202,408,2,1450.51,24.19
1286,536,171,6,10679.6,9.21
71,27,184,1,10192.14,20.02
902,374,304,6,18354.4,28.59
1314,547,138,2,13964.04,3.47
4109,1679,278,1,4308.05,15.91
163,66,140,2,14766.2,33.52
4035,1648,542,3,8656.84,11.44
4382,1787,72,1,16187.06,13.27
3377,1376,123,2,7250.75,28.75
140,56,46,4,16278.15,26.29
3529,1442,542,1,18193.39,15.0
826,342,56,1,22145.17,14.23
4044,1652,187,2,13835.17,11.33
3404,1388,300,2,19962.61,21.27
443,187,128,3,22495.78,10.51
3241,1328,409,-4,5770.27,23.87
1509,620,517,-3,11296.32,7.96
4470,1821,331,2,3992.49,5.08
365,151,273,4,4727.17,22.85
3149,1291,131,-3,13133.77,35.08
3820,1559,54,1,8434.32,8.51
4733,1928,27,1,23735.14,26.6
1013,417,84,5,29583.54,19.67
1692,692,494,3,6019.39,14.3
1218,503,304,1,15147.32,12.97
1095,453,424,3,12896.0,35.15
1210,499,510,5,10932.19,6.19
1302,542,327,6,23593.49,15.67
2015,823,21,2,23586.34,36.19
2645,1075,153,3,25108.13,7.66
273,113,322,3,5220.33,13.79
1699,694,67,3,14493.29,16.5
2323,949,96,6,6530.08,2.25
648,265,292,1,9066.77,24.54
4291,1750,180,6,15361.82,27.89
4553,1852,457,5,22254.91,38.4
3202,1312,422,5,15099.82,31.8
2941,1198,304,1,958.8,25.14
1399,578,343,5,26263.84,36.0
1155,478,112,5,17012.2,39.74
3567,1458,252,5,6580.81,12.84
4818,1963,355,3,20730.94,28.95
4043,1651,352,2,12526.51,16.05
3614,1478,516,1,8598.89,30.04
1270,528,292,6,18751.07,30.2
2559,1040,489,1,7550.97,23.81
2861,1168,272,4,18866.05,36.67
1026,423,144,4,20737.19,20.39
4376,1784,99,1,22399.97,11.73
1864,765,498,1,17614.63,2.86
1241,511,239,1,28205.91,33.42
4589,1866,119,5,9652.78,25.34
1884,771,547,3,4375.54,26.89
2788,1136,229,1,22782.02,18.71
1368,565,16,4,24306.58,23.25
3150,1291,537,4,23045.65,16.13
808,334,478,-6,11103.4,4.4
3302,1353,203,1,21685.48,14.41
1847,761,87,5,1838.23,0.87
2613,1062,71,5,14793.56,4.04
89,34,544,3,9320.72,11.99
2136,871,313,5,14691.31,22.42
3338,1364,424,1,17628.53,20.32
211,86,131,5,492.29,27.54
3350,1367,25,3,14905.13,24.02
4148,1695,45,6,20404.19,9.14
763,317,40,-1,3827.97,15.86
3774,1542,32,6,1309.0,29.14
2470,1003,271,3,109.64,21.71
2018,824,335,4,20742.35,32.27
1320,550,234,4,8214.17,3.61
4695,1911,371,2,10244.13,14.71
3402,1387,168,1,26004.82,25.12
1681,688,370,4,4289.36,32.36
4160,1699,480,1,11007.69,16.64
2366,962,493,3,23460.17,22.5
4682,1905,269,1,12961.2,11.36
2815,1147,539,3,6620.62,12.26
2062,840,129,6,12621.31,9.1
3524,1439,289,1,29726.53,9.33
1259,521,501,3,18835.39,14.95
810,335,81,3,27493.34,24.83
1810,746,481,5,13678.55,29.31
1630,666,412,4,25509.31,23.84
131,53,366,1,18776.11,35.61
953,392,380,1,6464.34,27.19
600,246,509,1,640.05,29.37
3225,1322,14,3,23907.77,16.28
189,76,175,5,20117.91,29.22
733,304,254,2,24515.68,12.04
1179,485,478,5,11003.29,0.38
1578,646,544,2,1818.95,2.85
3096,1269,218,6,20148.35,36.69
3199,1311,93,5,17089.31,23.14
3348,1367,363,6,7234.54,34.15
4196,1711,285,1,14767.98,8.75
4380,1785,465,1,12787.87,36.93
3568,1459,544,2,22167.51,31.32
158,63,119,6,1708.39,29.48
516,214,462,3,28946.26,7.69
736,305,19,1,20619.13,4.88
3158,1293,293,4,23382.99,26.12
998,411,30,6,1541.9,23.82
34,14,230,6,11862.46,13.55
145,58,198,2,7103.16,1.81
3185,1303,105,6,1062.59,9.41
3892,1591,436,4,23780.52,24.07
581,239,441,4,8896.61,5.63
187,76,542,6,8107.2,6.19
3898,1593,500,3,22823.01,29.83
1632,668,397,5,7005.94,11.0
4796,1955,327,2,22631.6,11.46
3240,1328,457,4,22780.79,15.48
3651,1492,290,6,18397.48,36.52
2993,1220,303,3,24134.55,1.61
4033,1647,17,2,7722.59,35.77
3048,1250,5,5,22503.97,10.77
4145,1695,508,5,7743.81,35.62
2084,851,507,5,26622.93,29.79
445,188,4,3,29924.8,2.63
2694,1097,494,5,28123.05,17.22
3784,1546,82,3,456.39,15.17
4182,1706,306,1,21327.07,8.68
202,83,199,5,9520.71,28.36
1513,622,252,5,13325.9,10.61
2486,1010,229,4,5593.76,29.82
2900,1183,36,5,28684.48,31.88
766,318,269,5,23402.59,19.14
1453,598,482,4,23344.03,24.33
1481,610,286,3,20976.9,31.6
2863,1169,257,4,27193.59,10.43
1573,644,365,3,20563.08,16.25
2351,957,6,1,10075.95,8.77
2181,890,17,5,23524.91,12.22
3484,1421,523,4,13731.8,3.99
4277,1745,70,5,13074.15,28.1
4489,1828,289,6,2289.38,29.72
1057,434,525,6,29082.81,7.45
4306,1754,405,4,19964.95,15.72
840,347,499,4,2025.9,10.54
2792,1138,112,3,28931.39,7.26
592,243,142,4,18103.48,31.36
3097,1269,345,6,14961.55,28.86
3017,1235,12,6,16480.89,22.53
3068,1256,247,3,18888.1,22.48
4718,1921,89,3,2625.35,26.95
2589,1054,285,4,25212.88,17.22
2489,1011,192,6,12265.31,38.67
2300,940,207,2,1494.13,25.82
3271,1342,484,-2,7933.67,15.87
2575,1047,157,3,28008.8,0.87
2085,851,318,6,1753.18,23.78
991,408,218,3,14530.66,32.23
4546,1849,305,4,8114.08,29.04
1997,814,475,3,7330.94,12.72
4850,1976,460,5,21459.64,21.78
4147,1695,355,1,20577.18,15.03
944,389,324,1,5083.29,25.6
334,137,430,4,28523.62,3.9
2937,1196,108,2,6370.24,27.94
3306,1354,211,3,21837.43,23.13
1877,769,378,1,14686.77,39.74
3700,1509,314,5,7142.59,7.31
2239,914,285,6,12330.33,15.94
1178,485,53,6,3045.81,25.92
3841,1568,391,2,21105.77,17.47
3607,1475,344,3,6628.12,7.88
1499,618,141,1,22440.28,38.51
4898,1995,121,3,18089.71,12.33
572,236,101,-1,22026.72,39.78
2928,1192,491,5,21591.13,26.76
3839,1567,285,6,21914.2,26.42
1844,759,310,5,24657.58,0.3
1667,683,209,6,13547.48,1.03
137,55,263,1,12333.23,39.65
324,133,227,6,15939.25,31.27
3371,1374,242,1,7981.21,8.6
3102,1271,419,6,21867.58,5.94
1933,788,162,4,22643.1,17.2
2508,1022,162,3,23936.39,6.95
4325,1764,217,5,10461.7,29.7
4465,1820,123,4,14779.96,34.42
41,17,310,6,14249.53,1.35
3010,1231,313,5,18580.27,38.03
4200,1714,379,4,16707.92,18.24
780,324,371,3,2274.37,6.97
820,340,103,2,29023.41,39.91
1779,733,421,5,28977.77,7.42
2463,1000,5,3,11825.6,21.63
330,135,493,5,1502.01,20.86
4491,1828,438,4,19150.74,35.54
253,107,75,-2,14509.68,17.04
4428,1807,464,2,6784.98,31.03
1981,806,85,2,20263.94,17.16
167,68,34,1,23281.6,27.64
3662,1497,145,2,12652.29,28.08
10,5,82,6,26992.22,24.67
546,225,236,3,15140.94,5.79
4257,1736,459,-6,11606.37,15.28
3686,1505,366,4,29866.26,18.57
2600,1058,396,2,3505.06,38.68
806,334,81,1,17006.44,14.32
1470,606,243,3,4051.32,2.22
1223,505,212,2,2121.17,33.39
79,30,69,6,19745.07,36.52
1893,774,54,-4,6982.33,24.44
554,228,329,2,3787.65,21.47
2280,931,105,2,9500.4,18.89
3717,1516,237,2,13950.99,1.88
1606,656,109,5,7416.31,30.66
3552,1452,326,5,20891.38,22.52
3740,1528,319,3,12451.3,28.07
2132,870,105,1,14826.23,25.27
1678,687,486,4,9889.2,25.43
295,122,403,6,11044.61,31.09
4168,1701,149,6,27115.87,18.04
1913,781,248,1,11610.37,20.36
3324,1360,204,4,15031.8,6.25
276,114,116,2,7215.39,20.53
2376,966,273,5,1707.67,16.2
3584,1465,417,5,24820.83,18.42
2976,1213,251,5,20844.89,9.65
321,132,106,3,7895.78,27.38
2423,985,113,5,23196.72,21.29
4830,1969,13,5,1137.12,23.76
718,298,36,6,2452.7,33.38
1603,654,69,5,22160.64,39.74
3690,1506,219,5,16037.63,22.95
3868,1581,92,5,29994.76,32.83
607,248,75,4,16313.12,37.25
3637,1486,37,3,658.23,26.93
3925,1605,328,6,1785.71,36.64
585,240,75,3,24105.24,17.15
2394,974,413,1,859.41,24.34
529,220,455,1,8268.59,5.4
3878,1586,448,6,13972.86,21.36
1666,683,492,4,1851.35,23.63
4300,1753,448,6,5921.5,31.18
1900,776,531,3,8125.81,15.51
3848,1573,165,2,6642.2,34.78
4203,1716,518,2,26993.88,36.37
1390,576,540,3,1002.7,34.03
2086,852,464,4,19492.36,1.9
1421,585,221,3,22070.64,34.61
3101,1270,32,5,22673.06,16.25
1855,763,14,6,8941.68,30.28
2774,1130,333,5,5873.89,18.24
2952,1202,191,4,13936.78,15.15
1512,622,64,3,7744.24,3.0
1446,596,359,1,2676.21,23.02
4255,1734,547,4,20106.72,26.1
672,274,145,4,15667.76,3.11
1747,713,169,4,8966.48,30.03
4577,1861,539,5,16241.27,12.64
3279,1345,397,1,8656.06,5.69
3503,1430,289,2,5470.5,17.0
1788,737,189,4,2684.02,6.24
3947,1614,157,2,11141.49,3.48
707,291,314,5,21546.66,22.7
3501,1429,348,2,3395.91,39.93
2910,1187,160,2,12615.87,6.19
1415,583,318,5,29036.94,34.21
3678,1503,66,3,17260.88,34.48
1586,648,178,1,10050.26,1.94
4620,1877,48,4,18057.98,6.28
312,128,328,5,14867.82,29.99
4716,1920,375,2,10672.98,31.0
4555,1853,201,6,22483.88,39.74
1281,534,238,6,28330.21,34.2
1275,530,403,3,18390.68,24.59
4057,1656,492,5,20652.19,9.38
4261,1737,449,4,13624.36,2.86
828,342,403,3,17887.68,7.61
590,242,378,2,23540.56,14.45
2408,979,415,6,9478.08,28.49
3611,1477,61,6,22157.96,12.16
747,309,157,4,1980.17,37.1
3926,1605,193,5,6619.62,0.57
2851,1164,3,3,14463.48,6.38
2006,819,5,6,7930.52,23.77
4323,1764,482,2,4510.29,3.05
1525,626,491,2,4084.52,22.62
2527,1029,29,5,2301.06,5.23
548,226,107,5,26190.35,17.62
3267,1340,323,3,5651.81,25.58
4627,1881,507,3,22967.95,27.63
4113,1681,520,1,21385.76,24.52
118,49,291,3,23094.7,18.93
2490,1011,172,3,7031.67,27.38
1705,695,201,1,1678.54,7.81
4169,1701,320,5,21021.59,15.51
1031,424,500,5,10466.85,35.09
4129,1688,345,6,13988.85,5.73
234,97,128,1,11179.83,27.64
4270,1741,308,3,28479.12,20.73
4824,1965,400,4,10451.87,32.98
4082,1664,548,2,13093.0,18.76
716,297,289,4,5681.1,14.63
3475,1417,508,5,27854.45,31.49
2520,1027,194,-2,29031.1,20.31
1854,762,340,4,22044.11,33.51
4237,1727,314,1,23409.46,15.44
667,273,7,3,10101.9,39.01
4899,1995,112,3,13231.85,33.53
3358,1371,227,4,29030.95,35.02
4336,1769,114,4,16471.54,4.81
4879,1987,102,5,24086.61,38.69
4348,1772,508,6,17578.09,33.45
2254,920,540,6,8359.17,6.56
3015,1234,240,4,18818.46,19.56
1966,801,403,5,25763.51,23.69
2683,1093,417,6,11283.37,6.47
3764,1537,305,2,17964.85,37.38
563,233,51,6,27731.28,6.71
4723,1923,437,6,23783.03,9.79
3110,1274,517,3,20204.36,27.66
4265,1739,449,4,3411.85,34.88
259,108,399,1,3591.84,39.19
3620,1480,401,4,8989.12,2.96
1850,761,527,6,29097.84,12.36
1226,505,542,4,25093.28,24.3
2637,1071,105,2,19812.93,20.75
2109,861,213,4,16379.67,34.08
2698,1099,380,3,12079.26,32.78
4021,1643,64,1,22616.6,33.78
4725,1924,331,4,26711.25,19.86
4439,1811,257,5,2100.82,39.17
1659,680,25,4,9066.74,31.79
1458,600,353,3,2463.71,29.46
1375,568,20,1,23275.11,24.42
1625,663,18,6,2470.28,9.51
4792,1953,64,6,29784.4,11.75
690,282,11,6,18856.35,0.52
4017,1642,451,5,15355.43,16.22
3456,1408,443,4,26470.91,35.23
2319,947,338,1,21935.26,34.27
1544,633,295,1,1224.05,18.92
1610,657,3,4,25318.39,8.55
2262,925,269,3,27907.69,29.85
1600,654,196,3,6897.99,22.54
55,22,418,5,23775.96,18.98
1932,788,5,-2,23681.92,13.64
2186,891,540,4,18407.59,29.27
639,262,52,1,10184.09,34.51
4881,1988,82,6,8903.27,7.42
599,245,518,-2,17381.54,5.05
819,339,489,6,29650.98,26.76
1617,659,37,6,22911.02,17.14
3539,1445,481,5,9678.1,5.89
2836,1158,349,5,3869.47,16.32
1679,687,283,4,8883.59,24.67
4831,1969,493,3,19519.54,18.21
579,238,409,5,27497.61,10.75
3896,1592,540,3,8282.27,6.38
3395,1384,159,4,23459.01,4.97
3256,1336,77,3,24242.62,21.53
2244,917,72,1,24466.49,23.4
2055,837,434,6,26097.69,6.67
1098,454,524,6,24643.84,22.3
617,252,423,3,7787.02,38.26
2775,1131,312,2,8203.3,2.29
2914,1188,289,4,7736.01,29.15
619,254,486,2,24347.01,3.31
3206,1314,86,2,6678.1,32.51
437,185,206,5,24695.3,36.78
4123,1685,60,2,28885.88,4.43
2222,907,217,6,12148.69,31.24
2576,1047,384,2,13813.22,2.2
775,322,7,4,6950.54,22.36
807,334,390,2,1581.41,14.84
2322,948,49,3,13270.94,22.43
3816,1558,369,5,8194.92,3.02
2235,912,272,-2,26010.63,16.85
3763,1537,135,3,24774.43,29.98
3311,1355,386,3,15917.91,3.33
1235,509,489,2,22512.42,5.21
3291,1349,220,1,5667.88,34.84
1231,507,461,4,23317.7,12.57
2468,1003,234,2,17446.31,16.81
2328,950,163,5,21535.43,36.04
3504,1431,408,1,6117.26,3.46
2285,934,49,5,22238.02,14.42
4485,1826,527,1,13685.07,3.23
1093,451,109,5,9658.11,37.21
4332,1767,68,2,24009.26,22.1
1767,724,490,5,2975.43,33.49
1474,608,95,5,24687.51,25.17
1345,558,85,5,25312.92,38.52
4026,1644,495,4,1299.65,35.37
552,228,68,4,6601.54,28.18
1145,475,512,6,18815.05,8.2
25,11,85,1,23906.21,0.34
3103,1272,370,6,16524.48,8.6
2624,1066,303,5,15267.7,29.78
1187,489,109,1,8675.2,0.6
3034,1245,416,3,23371.65,11.73
4798,1955,444,3,9502.75,17.21
4279,1746,353,4,7307.24,8.26
4183,1706,164,4,6618.25,5.1
3723,1520,268,4,4909.23,18.68
1811,746,132,5,2641.57,20.4
4772,1943,411,6,7553.31,19.09
1283,534,409,3,26929.24,5.67
1044,430,23,5,23938.9,16.74
3220,1320,441,5,15196.37,24.21
2824,1152,339,1,13569.66,10.5
1160,479,177,1,19831.75,11.06
3294,1350,538,2,16711.71,12.39
3845,1571,281,2,10910.28,9.35
4458,1817,298,4,24900.86,31.03
977,401,355,2,9447.57,16.24
2793,1138,211,2,15698.47,31.07
4252,1734,170,6,28143.76,35.85
278,115,125,2,2322.65,26.72
1127,468,520,2,19613.29,20.53
3570,1459,176,1,20298.55,31.02
1382,572,352,6,25924.55,30.34
4078,1663,378,2,27805.55,12.88
3427,1397,255,4,18509.28,0.68
4508,1833,487,1,17329.23,38.09
3724,1520,290,5,27879.83,27.2
2813,1147,462,5,27665.79,19.88
2464,1001,329,2,11617.03,10.35
370,153,223,5,29001.94,38.27
2631,1068,449,5,19350.16,12.56
1215,502,394,3,14472.46,39.8
959,393,36,1,22528.59,17.11
2437,991,529,4,19737.44,4.12
2287,935,244,6,9833.54,35.45
1191,491,39,4,22926.21,22.06
2431,988,399,1,15293.93,35.14
895,373,412,3,3209.04,23.31
1786,736,349,4,28178.49,36.68
2795,1140,134,6,17375.24,20.65
3871,1583,352,5,11208.77,27.86
2057,838,539,1,23527.73,17.68
4206,1717,361,4,10456.73,20.33
3344,1366,206,2,25205.75,26.31
1676,686,41,1,6341.83,17.51
2677,1090,493,3,9367.28,7.89
3354,1370,538,1,16009.66,7.95
453,190,216,6,15510.1,23.64
1184,488,482,2,6163.8,23.83
3432,1400,352,1,23318.04,17.24
3259,1337,312,1,2990.4,4.59
357,146,528,6,27585.31,11.52
2192,893,438,5,12716.29,13.07
2276,930,57,2,2044.42,10.33
3915,1601,323,4,2717.27,11.51
1484,612,498,4,4054.89,16.3
59,23,544,2,28565.06,17.97
1357,562,139,2,12676.83,35.51
1633,668,524,6,13156.1,12.15
3209,1314,43,6,29761.58,8.53
2785,1135,186,1,23824.2,22.54
3804,1554,506,6,21049.97,19.38
876,364,19,3,15605.09,20.34
2406,978,77,3,18147.67,36.43
2398,976,443,6,28330.36,12.5
351,143,334,3,266.53,13.6
2534,1032,343,4,25790.42,39.8
2167,883,318,3,8966.27,38.88
3288,1348,134,1,17763.83,19.97
3613,1477,106,6,17155.82,36.42
3257,1336,498,5,20870.54,32.01
4678,1904,123,4,19595.67,3.58
1253,518,333,1,6647.62,24.19
451,189,222,4,1568.21,19.2
2340,953,505,4,6798.19,24.53
4356,1778,482,3,299.73,4.22
731,302,377,6,3648.04,7.26
282,116,257,1,16072.04,37.11
203,83,405,6,4328.34,4.09
2021,825,390,5,23690.68,14.48
4186,1708,83,1,20746.01,6.05
168,68,32,1,22751.0,32.32
3665,1498,83,4,23794.31,21.05
4803,1958,329,4,1700.04,22.3
3260,1337,544,2,6588.62,24.91
302,124,236,6,13051.21,28.77
938,387,23,-5,23477.22,18.29
3448,1406,26,1,11216.99,30.5
1388,575,466,2,15907.89,24.03
3278,1345,270,-2,24589.26,0.61
4304,1754,180,-2,5182.95,14.46
1351,560,12,5,1326.19,18.18
622,255,369,4,22941.83,32.95
1948,794,413,4,1316.69,24.38
3633,1485,506,6,27003.15,28.33
3084,1264,178,6,19149.28,35.58
940,387,292,4,28612.89,7.74
2046,835,153,5,20301.76,36.24
3654,1493,368,1,24713.86,22.1
1566,641,394,6,21965.49,27.92
1038,427,332,6,10109.39,34.89
2894,1180,376,1,29861.43,9.53
124,50,535,3,8227.18,26.33
1315,547,228,4,20875.35,16.79
2291,937,24,4,27539.77,29.93
4092,1670,134,3,8872.5,20.07
3636,1486,300,6,7308.95,8.75
2582,1050,161,3,25689.94,5.26
4340,1770,173,3,22694.42,19.45
4312,1758,36,2,1925.79,38.03
3316,1357,501,4,15638.04,19.05
540,224,87,4,23229.25,30.57
2847,1162,34,4,14321.14,6.54
3162,1295,172,3,19738.67,18.45
2213,904,309,5,2233.21,16.45
2014,822,394,2,507.84,38.09
2185,891,264,2,3165.58,38.28
655,267,491,5,20438.52,28.67
297,123,536,6,5309.02,39.27
4479,1824,391,5,11176.63,36.61
1615,658,148,2,3659.51,24.99
1782,735,143,6,14648.11,32.35
904,375,66,1,18390.85,21.28
4773,1944,325,1,7815.94,28.93
3036,1246,505,2,25542.45,13.0
3596,1470,291,4,197.07,7.11
478,202,255,6,18392.94,1.02
4585,1864,492,5,4522.12,31.73
2314,946,244,1,19804.16,2.1
2702,1100,102,6,11914.08,38.15
3127,1280,199,2,6993.39,39.72
880,365,187,4,19772.19,6.4
4527,1842,188,3,5317.41,34.31
1330,553,21,1,14882.99,24.62
3297,1351,387,6,25658.74,21.98
1131,470,422,3,27923.51,13.78
1931,788,275,4,14597.83,34.76
387,160,477,5,25922.33,17.53
3492,1425,518,5,22126.69,19.64
2183,891,182,5,8177.75,7.65
1750,714,113,2,21105.22,15.33
2424,986,88,2,13559.35,20.45
2229,909,522,5,16672.61,35.46
1025,422,352,6,15974.8,8.23
3606,1475,346,4,24917.03,21.15
1503,619,290,3,12243.72,34.68
833,344,418,2,22251.76,1.34
1808,745,338,2,18436.61,34.86
560,232,461,2,7224.19,31.69
3638,1486,505,2,13912.37,38.99
4214,1720,35,6,25539.38,27.9
3652,1492,203,3,15186.61,28.17
2897,1182,543,3,23027.97,32.33
1436,591,497,4,28278.04,4.09
943,388,110,4,17569.97,1.12
3862,1578,480,3,8348.63,6.66
1521,625,191,2,20852.54,33.9
4225,1723,303,3,29609.12,15.01
275,114,169,6,18127.52,0.02
196,78,301,2,27351.85,0.93
1978,805,185,5,18686.96,9.2
3029,1242,413,5,29038.66,15.89
2439,992,305,6,12078.11,24.59
3642,1488,190,2,3191.6,22.05
4205,1717,275,5,12058.77,3.4
4708,1916,5,6,12189.7,16.91
371,154,334,2,17341.78,22.67
1379,569,285,6,24370.52,27.89
2885,1177,382,1,19987.2,22.61
4328,1766,27,3,22495.97,33.62
2420,984,314,4,22787.49,18.06
2067,843,110,2,14194.28,30.68
4851,1976,253,-5,13383.46,11.13
1363,564,23,6,17172.95,5.56
1348,559,69,3,26479.81,3.49
2105,859,465,4,7166.19,17.85
2551,1036,87,6,27696.28,25.18
2175,886,521,2,2375.19,36.07
2982,1216,73,3,11037.85,17.26
1268,527,117,5,6864.64,13.51
3889,1589,132,1,24069.38,25.48
4190,1709,106,1,4991.02,30.48
3304,1353,411,6,1070.6,10.93
2755,1123,373,1,3533.22,12.14
2555,1039,12,6,8050.27,36.74
1161,479,290,6,23015.81,4.04
94,37,305,5,3103.03,16.15
1866,765,525,3,27357.28,3.35
3364,1372,404,4,7504.44,34.03
475,201,230,3,10685.87,31.16
4071,1661,524,2,3473.32,6.91
3646,1490,237,1,18102.34,23.15
384,159,134,-2,20289.1,38.88
711,293,352,6,9684.79,26.94
299,123,41,5,23199.87,10.74
2224,907,74,6,5965.67,14.83
169,69,85,6,28597.35,3.93
4349,1773,129,2,5194.82,2.37
3992,1633,192,6,4889.3,5.9
4151,1696,79,4,21361.45,33.15
2019,825,313,4,28834.83,14.7
1817,750,22,5,5678.52,35.79
452,190,255,2,22889.63,17.48
4610,1874,417,3,11218.59,31.66
4438,1811,372,1,6102.61,35.1
4604,1871,130,6,17880.0,25.57
1146,475,317,4,7858.24,13.99
1447,596,184,1,10072.43,24.88
1557,636,264,4,3115.24,28.74
1591,651,215,3,8182.02,0.53
1664,682,526,6,16979.87,2.87
900,374,398,6,28377.37,15.97
4191,1710,497,5,28183.77,25.5
4282,1747,482,5,19175.24,16.1
3929,1607,424,1,16626.93,12.36
4681,1904,259,4,12580.04,1.48
3021,1238,79,3,14295.0,15.63
3988,1630,55,1,19737.98,29.31
4164,1700,322,1,3585.36,36.26
4059,1657,79,1,2844.52,10.04
798,332,279,3,13737.23,36.87
3825,1562,183,4,27092.72,5.58
2609,1061,533,5,29660.5,14.85
4132,1689,305,3,14377.61,6.29
53,21,202,4,21965.01,1.58
2002,816,452,1,23443.18,13.19
1960,800,226,3,15061.77,8.28
2270,928,172,6,16556.28,13.11
4500,1831,186,4,10927.15,26.98
3428,1398,292,3,18035.38,11.37
3080,1262,55,1,14007.19,38.64
3438,1403,362,3,10152.74,33.23
1158,478,388,5,3402.84,3.48
491,206,23,2,28688.83,30.02
3113,1275,276,3,13305.09,17.08
2334,952,151,1,19121.73,3.25
911,377,199,5,26201.75,0.15
893,371,178,1,8952.57,26.51
3858,1577,129,1,22148.02,13.68
3751,1532,501,4,23380.29,10.94
1331,553,194,2,5564.29,35.29
804,333,362,3,14160.77,1.51
3376,1376,88,6,21017.99,27.21
4166,1700,135,3,27940.08,20.43
4534,1844,398,3,14514.98,1.92
4795,1954,347,5,8444.42,27.58
4467,1820,354,1,27820.82,22.79
683,278,492,2,8355.72,38.46
3513,1434,236,6,599.27,34.6
2711,1105,415,4,20248.23,8.72
1943,793,286,2,20286.56,19.55
2149,876,331,5,2096.39,29.56
3510,1433,474,1,29146.99,3.33
4736,1930,536,6,15936.53,6.87
4415,1799,449,1,10497.45,9.86
218,89,175,6,6546.01,24.08
4005,1638,458,1,14947.54,10.02
2114,863,100,6,18823.66,4.09
3002,1226,259,1,27335.82,9.47
3172,1299,111,1,22561.69,32.58
1234,508,29,2,15856.37,5.89
1975,804,455,5,206.19,37.62
1074,441,72,5,12337.18,21.75
4386,1788,547,5,19490.85,10.33
2013,822,418,5,3660.08,22.43
3789,1548,68,5,1006.6,32.4
2717,1108,493,4,18927.82,38.99
4039,1650,342,2,25720.94,35.8
4461,1819,522,5,7977.45,36.06
1464,603,183,1,821.6,8.36
2097,857,498,4,1480.57,0.93
2315,946,132,2,788.6,3.53
4063,1658,399,1,11390.83,34.6
1785,736,227,1,3268.41,39.62
2407,979,169,4,29269.86,9.07
4218,1721,292,1,13844.27,16.6
2148,875,109,4,2185.22,24.01
483,204,546,6,18461.0,35.21
2552,1037,103,6,14056.15,4.35
4418,1801,290,4,29666.0,20.49
3414,1394,541,5,2470.05,36.21
1596,652,144,6,132.58,28.69
262,109,286,1,18235.36,34.31
482,203,515,5,23382.09,10.64
164,67,226,6,15586.86,24.99
1030,424,89,6,11636.44,15.02
3051,1251,122,1,27531.24,34.39
3160,1294,154,6,569.44,5.86
1099,455,113,5,8818.12,33.85
4841,1973,46,2,12209.67,23.07
1428,589,151,5,28322.46,38.26
2854,1165,56,3,16833.83,19.64
1507,620,460,6,12705.82,36.86
3864,1578,425,5,24823.39,18.7
2488,1011,245,3,16661.57,16.78
3531,1442,245,1,2168.76,2.29
4256,1735,541,1,12283.26,6.44
4259,1737,82,5,6751.61,33.0
20,9,68,3,1801.4,16.24
1549,634,521,6,19065.35,31.75
322,132,336,2,10202.85,39.58
185,75,268,6,28868.35,25.75
1937,790,196,1,16972.66,18.88
3768,1539,363,6,25297.43,29.32
4758,1938,160,2,2007.82,3.43
3415,1394,43,2,15447.73,23.01
64,25,337,2,6087.69,27.4
3601,1473,51,6,12571.91,31.84
2726,1112,264,3,15655.06,30.4
6,2,200,4,12585.91,33.04
4067,1660,449,1,368.76,4.3
4061,1658,173,3,1518.63,32.72
3554,1454,210,3,25678.94,29.17
2278,931,320,2,18287.16,14.8
898,373,398,2,15124.04,37.3
4197,1712,111,6,21343.76,29.59
1873,767,509,4,2240.19,39.42
3683,1504,300,1,7108.95,14.66
816,337,292,2,8162.21,16.4
2049,836,83,3,12998.53,1.64
682,278,69,5,18298.83,6.18
4047,1652,80,1,8027.62,23.03
4774,1945,161,3,15072.46,39.76
982,404,303,1,25338.72,4.76
247,103,533,5,20137.38,24.1
4038,1650,465,4,29139.33,18.93
3670,1500,245,1,29889.72,20.15
3236,1327,354,2,11783.31,34.27
3366,1373,115,3,23498.53,28.35
4119,1684,163,6,1039.31,9.61
374,156,333,6,28928.13,31.57
2528,1029,123,5,21742.3,14.11
665,273,523,3,4628.86,36.11
547,226,339,2,453.28,34.31
4120,1685,498,6,27960.87,19.95
268,111,141,-3,23980.14,29.83
4107,1678,494,4,10077.91,24.6
4829,1968,261,2,3126.82,35.84
2367,963,517,1,11301.86,2.74
3347,1366,266,5,29176.16,29.78
341,140,339,5,24300.81,17.13
3822,1561,265,2,13212.34,0.58
4660,1895,223,4,4289.13,6.59
1735,707,202,6,27943.49,12.96
393,164,357,-6,9153.44,19.12
2275,929,319,5,17201.0,21.91
4230,1725,258,6,17751.27,29.71
1535,629,340,3,9914.84,10.75
1278,532,394,2,26022.23,25.64
1035,427,5,3,8920.06,20.85
695,285,406,-2,29532.4,2.3
567,234,493,6,435.0,3.34
283,116,475,6,20051.56,6.81
1980,806,428,4,27494.08,0.99
2425,986,19,6,1832.37,22.1
1016,419,436,4,6708.23,31.57
1848,761,350,4,4472.12,33.67
4904,1996,60,2,28905.93,3.99
3827,1562,214,3,3622.51,14.57
702,289,208,1,518.36,2.24
1688,690,214,3,27768.25,10.23
1534,629,538,2,371.87,26.91
3880,1586,126,5,17536.31,4.43
1352,561,21,3,10963.89,30.12
1182,486,455,5,14203.05,31.18
3615,1478,222,5,20831.69,15.87
761,317,47,5,18253.32,31.52
1491,613,90,6,8052.86,0.32
3129,1281,533,2,26866.76,33.32
4819,1964,182,6,19417.82,35.7
2302,941,196,5,3750.69,24.4
4029,1646,195,6,18556.33,14.13
3000,1225,371,6,5026.5,19.13
4388,1790,343,3,21426.54,2.47
3696,1508,320,6,7514.45,25.35
4424,1805,333,2,5444.92,6.27
4140,1692,308,5,2568.25,27.15
972,398,4,6,3919.0,7.39
2363,961,328,5,27434.16,15.45
3134,1284,239,2,19004.45,21.5
2329,950,114,5,7439.53,8.39
1174,484,215,3,14297.83,4.67
492,206,508,2,18526.76,17.16
136,55,139,2,6632.27,3.87
2393,973,349,1,6580.89,37.55
1416,583,179,2,28544.34,7.44
852,352,265,4,968.4,10.83
3979,1627,19,2,23221.17,19.44
2748,1120,41,4,15698.9,8.11
941,388,116,4,8740.36,18.33
1927,786,336,4,16408.43,9.88
4492,1829,499,6,14513.9,25.39
1213,501,474,4,10807.28,17.66
1650,675,238,4,12875.46,11.93
144,57,169,1,29423.08,22.87
1200,495,226,-1,27394.95,29.54
3876,1585,337,3,28661.69,36.55
1116,463,42,-1,17942.08,33.65
1463,603,19,2,23675.02,21.84
4901,1996,496,6,26355.02,32.74
1581,647,304,1,25456.1,8.07
1372,567,547,4,9308.03,10.5
3922,1604,58,4,5037.99,35.57
2378,967,128,1,3382.72,37.99
2518,1027,283,2,6971.37,28.85
915,378,64,1,16066.06,17.29
1360,563,48,4,6236.86,16.59
3386,1379,11,2,25258.61,14.05
263,109,330,1,23232.26,34.52
4709,1916,450,6,22921.37,1.27
3462,1411,531,1,16535.02,17.75
4621,1877,28,6,27879.49,24.49
2696,1098,328,4,3641.43,28.68
4128,1687,211,3,29503.58,12.45
4794,1953,230,5,28248.1,32.36
4769,1941,45,3,15001.43,7.67
3239,1328,15,2,28861.71,15.5
3120,1278,454,2,18392.45,28.63
4163,1700,257,4,10314.89,35.3
3702,1509,234,5,12672.25,18.24
1740,708,513,1,26918.42,20.61
3656,1493,341,3,24532.24,32.98
1296,540,367,5,5061.28,18.69
4744,1933,439,2,29611.0,33.43
3060,1253,95,5,19341.51,5.51
1007,414,141,3,5707.19,24.34
2891,1179,155,4,20445.66,30.54
4276,1744,545,1,16383.42,20.16
2693,1097,248,3,23751.82,35.78
2023,826,390,6,16514.3,21.46
3396,1384,371,2,27371.22,1.51
1021,421,138,6,10551.9,9.73
3189,1304,452,3,22066.19,23.31
107,43,416,5,7662.79,5.13
3073,1259,488,6,10676.48,17.4
1754,716,117,4,7482.27,24.07
2789,1136,147,4,9821.64,34.72
698,286,166,5,20510.82,32.52
1451,597,506,-4,22518.79,21.38
3299,1352,124,5,6454.55,34.26
849,352,146,4,10486.47,32.55
1048,432,243,3,26793.42,5.43
3246,1331,152,3,5461.41,8.12
1489,613,54,4,11947.18,9.55
4449,1814,123,2,15508.26,19.5
4110,1680,210,3,2379.26,21.09
4405,1797,110,4,6809.54,0.8
4594,1867,96,4,14592.21,28.83
2259,923,316,4,26041.68,8.53
1450,597,282,4,18307.12,31.19
2428,987,509,1,20155.74,6.63
502,210,320,5,9439.27,35.7
649,265,97,2,10170.64,24.61
512,213,301,4,20504.01,10.96
4284,1747,149,4,3392.04,21.01
4390,1790,329,3,29131.19,0.87
872,363,22,3,4574.64,4.52
4046,1652,314,2,8785.67,5.89
2269,927,358,2,28076.38,31.03
3762,1536,489,3,20600.57,30.95
2994,1221,485,6,18726.54,10.48
2216,905,20,6,749.9,3.18
2096,856,491,2,18046.96,18.63
2446,994,407,5,11798.67,38.18
1637,669,499,4,3136.68,6.83
2493,1013,387,5,7831.84,9.06
4198,1712,130,6,20691.02,16.58
674,275,118,1,25271.43,9.03
3273,1343,307,3,24851.09,17.87
1976,804,545,1,19346.55,37.93
2826,1152,499,1,23787.1,13.19
2722,1111,352,2,16056.44,35.42
3065,1254,199,-3,21512.47,22.94
4248,1732,301,2,8552.35,33.03
2001,816,31,1,28241.59,11.64
2033,830,327,1,21649.86,23.84
2079,848,472,4,3505.86,1.08
1979,805,269,6,13360.1,16.99
855,354,300,1,1848.84,32.57
2196,896,292,6,19387.18,26.68
2617,1063,151,1,4127.61,21.17
509,212,129,1,7871.17,14.9
63,24,547,6,23412.28,34.21
2996,1222,194,6,25761.47,6.89
3769,1539,119,2,5872.07,4.37
146,58,184,2,6009.58,11.8
1043,429,119,5,6974.51,12.68
3164,1295,463,3,17991.85,2.61
4307,1755,407,2,25572.71,11.74
3588,1467,486,3,10529.35,33.66
1968,802,145,1,19955.72,3.45
4719,1922,13,5,5582.16,28.63
4394,1793,126,1,9439.22,31.02
1910,780,544,6,21283.6,2.4
4593,1867,546,6,17459.95,24.26
4262,1738,139,1,1866.36,6.24
1929,787,290,2,19817.8,3.77
2818,1150,324,-6,18829.9,19.68
2766,1127,5,1,8693.09,31.55
827,342,140,1,25926.86,13.33
3093,1268,411,3,21405.66,3.27
1068,439,190,-3,24988.21,27.76
2754,1123,336,3,20564.49,0.78
2069,844,300,-5,8628.6,10.35
637,261,182,1,20039.16,7.29
3044,1249,281,5,14440.28,28.47
2039,833,113,3,4066.39,27.89
3725,1521,96,5,29330.14,9.8
2203,899,433,1,11592.35,26.49
836,346,517,6,24049.79,15.85
4002,1636,370,2,15704.99,31.17
1888,772,135,5,13168.88,31.3
815,337,249,6,7828.51,23.13
4633,1885,29,2,28335.77,37.47
4112,1681,358,5,5738.96,8.74
359,148,137,2,3876.23,24.26
3308,1355,360,1,7915.51,4.73
2661,1082,269,3,11752.79,12.59
1096,453,527,6,6495.43,15.17
1032,425,389,3,28699.91,24.54
2618,1064,439,3,6496.45,30.82
4551,1852,223,1,11876.58,15.6
4412,1799,162,5,27511.55,27.5
3538,1444,392,-3,7902.7,7.2
708,291,353,1,18175.1,6.69
746,308,115,3,19406.59,1.87
1558,637,107,3,16915.31,13.58
2844,1161,24,4,23220.44,1.49
3684,1505,311,2,14223.51,39.03
2157,880,139,6,21908.46,22.5
2768,1128,307,2,12444.94,27.73
1879,770,402,3,11638.5,18.77
4866,1982,341,3,864.3,9.8
2973,1212,269,3,17825.46,33.67
1492,614,12,2,17811.72,39.54
1764,723,253,3,28647.72,30.79
197,79,482,4,23783.6,34.52
2656,1079,320,1,10320.0,3.44
4054,1655,541,4,19389.9,32.48
1149,476,188,4,213.42,15.68
2998,1224,206,4,19355.17,31.77
3144,1289,210,3,4070.32,39.68
2707,1104,198,5,7646.12,30.85
1190,490,219,4,4951.85,32.97
1959,800,345,5,16733.54,34.16
845,350,10,-2,9972.65,22.94
1004,413,503,3,17173.34,30.17
587,241,243,-2,2700.57,17.26
2369,964,211,6,27537.82,24.8
4595,1867,399,4,18458.53,25.82
3139,1287,17,6,8944.19,33.77
3660,1496,440,2,10728.9,24.22
3863,1578,442,1,16664.92,27.69
3610,1477,102,6,14255.97,6.82
2466,1002,10,4,9373.9,37.67
2218,905,214,1,19316.74,20.15
4917,4925,211,2,2702.54,6.43
4204,1716,76,3,17654.33,17.67
4600,1869,491,3,14552.84,9.48
1759,718,506,5,2310.01,10.04
4730,1926,298,1,6858.46,39.43
2902,1184,262,3,16991.63,23.1
4717,1921,496,5,10848.44,9.84
4456,1817,71,1,12503.75,12.14
2179,889,172,5,7028.21,15.35
274,114,112,4,2466.61,0.43
925,382,416,4,2939.66,1.74
390,162,207,1,9132.9,36.9
2104,859,405,3,24698.81,24.0
4287,1748,221,6,6352.62,22.26
3685,1505,151,6,20402.56,23.87
400,169,124,5,13450.08,28.92
3535,1443,264,6,11632.64,28.17
537,223,377,3,10222.32,5.83
4233,1725,363,5,12919.78,4.98
4275,1744,38,6,19864.46,30.04
3274,1343,133,1,9470.84,2.89
3037,1247,383,5,22306.57,14.24
4360,1779,412,1,18270.24,28.34
1117,463,528,3,7546.33,4.75
2133,870,321,4,2931.92,16.32
2963,1207,340,3,27256.43,20.85
2440,992,479,3,18424.94,16.05
1579,646,392,3,3284.69,7.01
958,393,20,6,14215.91,16.58
3680,1503,319,6,6470.05,8.2
2783,1135,135,2,26796.92,14.72
1401,579,306,2,11280.66,16.31
2690,1096,156,2,24372.44,32.91
2860,1168,427,6,19437.3,35.44
2497,1015,272,3,24858.04,13.45
824,341,136,2,403.8,12.07
4081,1664,30,3,14388.03,18.77
577,238,380,3,21297.87,28.16
3488,1423,328,1,18814.65,39.56
2819,1150,548,2,4785.99,7.63
2889,1179,342,6,18014.47,12.85
1041,428,220,1,14649.53,8.34
141,56,7,4,6569.12,16.47
1926,786,262,3,2102.52,13.91
3559,1456,522,4,8536.37,18.05
1085,448,189,3,19473.58,0.62
2373,965,311,6,19494.4,28.33
4089,1669,498,3,23936.24,3.48
3711,1513,109,6,20093.13,21.5
3519,1437,312,1,19608.12,2.59
1373,568,299,2,21567.1,23.65
214,87,219,4,23783.27,5.36
3055,1252,519,3,28298.25,38.84
971,397,141,3,10496.17,4.07
750,310,317,2,19910.79,37.81
1452,597,132,2,2064.1,38.75
2737,1116,502,4,21672.37,38.81
4767,1941,23,2,5111.53,7.73
1425,587,98,3,15883.62,7.58
3757,1534,104,2,26589.99,10.17
3616,1478,195,5,25656.15,16.49
458,193,266,1,27067.9,21.83
3517,1436,152,3,20533.78,16.49
3823,1561,451,1,14525.94,23.57
2962,1206,320,6,7711.76,30.53
1326,552,398,5,28535.56,35.77
1118,464,251,4,2974.03,35.3
29,12,42,2,9971.24,1.56
3727,1522,100,5,5064.93,14.69
4521,1838,158,-2,16549.21,25.79
4540,1847,93,4,28078.41,11.59
3264,1339,341,3,13604.59,11.29
4823,1965,153,2,28671.57,7.42
3076,1260,458,2,13882.62,26.49
361,150,533,2,14737.18,8.16
3281,1346,219,1,18408.68,19.15
2921,1190,538,4,9986.22,11.15
3831,1563,398,-4,17451.98,31.38
4228,1724,294,2,14724.64,1.36
4759,1939,124,5,8923.59,18.6
2926,1192,258,4,15526.38,1.09
1460,602,255,5,27662.58,1.88
3550,1452,438,6,22083.95,36.35
2890,1179,463,6,24959.36,6.68
3635,1486,499,2,13519.76,13.52
3809,1555,128,3,4116.57,12.34
856,354,424,3,16439.29,29.19
3604,1474,182,1,5047.19,25.32
4027,1645,5,3,10565.2,9.2
1869,766,153,2,2287.17,5.73
2349,957,51,1,26239.92,38.83
3597,1471,237,3,23812.1,24.92
705,290,525,4,1907.29,23.25
469,199,170,5,16834.7,20.19
4797,1955,264,3,27770.41,3.94
3138,1287,117,4,17183.87,15.43
4048,1653,341,4,5084.35,32.52
523,217,319,4,9548.56,2.69
420,179,18,5,27162.38,38.26
3708,1512,139,1,1035.38,1.55
4018,1642,200,6,4989.48,38.21
1620,660,456,4,9484.85,23.73
3693,1507,350,6,27888.84,32.34
2505,1021,411,4,28547.47,31.03
588,242,466,6,16816.13,34.91
2550,1036,227,4,7004.77,23.82
2247,918,326,5,28853.68,31.5
4804,1958,540,2,8301.26,27.82
2059,838,240,1,13001.47,0.81
1809,745,130,5,2958.65,26.23
1151,477,157,2,2389.99,37.06
2120,864,234,4,20733.85,3.15
2041,833,97,3,6886.58,2.59
4121,1685,469,4,25614.02,13.68
4532,1843,241,3,13017.38,14.93
1613,658,371,3,12488.15,21.95
4683,1905,354,6,22221.7,5.74
4409,1798,114,2,17312.03,28.26
1920,784,540,6,21128.2,19.35
395,165,482,1,17845.2,3.72
3894,1592,132,3,16199.95,38.18
3047,1250,493,4,7878.43,20.54
155,61,221,4,18367.37,31.79
1797,740,166,2,16611.2,7.24
4084,1666,325,1,24537.51,9.2
93,36,238,1,25259.87,22.01
1094,452,175,4,12197.64,30.3
4269,1741,324,2,22988.97,14.22
948,390,184,3,7654.61,20.8
3031,1242,473,-1,3332.04,27.25
4611,1875,484,3,24652.65,26.82
3250,1333,9,6,21991.31,9.11
905,375,116,3,28136.06,36.68
493,207,198,6,944.82,22.69
4578,1862,360,1,10218.71,4.44
487,205,367,6,18030.73,32.59
1711,698,256,2,15627.27,5.15
1946,794,438,1,17518.67,18.99
1395,577,16,5,4090.72,0.67
328,134,295,3,5905.37,25.13
16,8,110,2,25350.2,8.76
1518,624,440,3,3779.35,9.4
3737,1528,251,6,24507.43,22.42
4903,1996,161,6,17559.76,16.08
3312,1356,347,5,10906.75,39.39
1857,763,463,4,12679.53,17.12
1872,767,265,1,16656.95,32.06
69,26,71,1,26209.31,34.12
2787,1136,110,6,13531.47,23.7
4801,1956,436,6,7338.78,4.21
4253,1734,73,2,24960.3,0.67
3917,1601,192,2,27791.56,15.66
1121,465,154,1,7867.25,33.91
2614,1062,436,3,1458.47,26.75
3964,1619,388,5,15114.39,21.96
3963,1619,306,5,11651.42,21.87
2652,1077,129,6,28445.62,38.26
1938,790,9,6,24876.68,22.22
2091,854,103,2,11321.38,4.02
4561,1854,188,-4,19740.05,22.96
2381,968,496,2,28283.27,18.73
1062,437,279,1,4870.87,14.85
3458,1409,302,2,12202.25,11.68
919,379,518,3,26509.86,38.54
1909,779,80,1,8824.03,4.39
3329,1361,28,4,28164.33,15.24
632,259,105,2,2591.71,4.0
3838,1567,246,2,1038.47,2.04
1404,580,463,4,27812.66,2.35
3766,1538,249,4,25549.78,23.66
544,225,63,1,11672.04,9.88
2932,1193,531,1,29037.23,4.09
1602,654,372,5,28463.71,26.25
2554,1039,504,3,29092.79,0.51
4596,1868,537,4,15228.36,23.82
1495,616,380,5,17963.93,9.25
3985,1630,312,4,3495.64,39.05
2336,952,163,5,14707.49,21.5
1366,565,31,4,5685.89,2.45
4040,1650,400,6,25577.78,16.44
162,66,86,3,2896.74,10.45
4100,1673,504,3,25577.79,34.08
4897,1995,362,2,11248.68,22.27
3653,1492,425,2,7206.64,37.37
2692,1097,398,5,2865.41,28.05
2917,1189,486,2,12950.42,18.32
2215,905,54,6,9759.98,14.03
468,198,87,2,15040.56,32.69
542,224,502,2,26041.53,22.2
1892,774,141,3,15640.6,27.92
448,189,542,4,19476.0,7.95
975,400,253,5,9697.45,27.0
3527,1441,230,2,18864.83,22.62
337,138,90,1,5402.01,15.32
1670,685,31,5,17595.76,28.28
2355,958,448,4,27948.71,32.99
4299,1753,369,4,24866.72,20.15
1982,807,358,5,13820.03,27.9
4229,1724,267,4,6116.68,9.76
3339,1364,417,5,16127.62,25.63
4099,1672,298,4,17818.03,25.61
3412,1392,142,4,25573.36,23.48
2887,1178,177,5,14172.97,36.18
2697,1098,398,2,11856.72,32.46
2794,1139,8,5,13809.34,27.23
1773,730,77,5,13140.58,33.97
3215,1317,442,1,1997.82,3.27
847,351,260,4,2124.85,27.69
764,317,363,6,24726.44,22.14
4565,1856,70,5,21041.5,25.85
4313,1759,398,4,11322.83,7.16
3765,1538,274,2,17238.9,6.21
1894,774,138,1,16709.47,33.64
2309,944,350,1,796.48,34.82
3919,1602,404,3,11829.65,11.6
1318,549,57,4,26122.22,15.64
1964,801,213,1,28496.29,27.71
3956,1616,17,5,17420.51,13.37
965,395,490,2,12821.56,7.13
2433,989,432,6,13121.17,38.85
4544,1848,389,4,21905.92,18.98
2515,1024,283,5,4210.92,34.6
3885,1588,93,1,29642.67,32.67
2004,817,406,3,16078.06,17.66
2538,1033,461,2,19408.35,28.33
1211,500,473,2,11562.24,6.14
894,372,382,5,13119.66,16.69
2539,1033,473,4,22569.74,11.88
3498,1428,320,1,14426.13,35.87
4311,1758,246,3,21250.2,34.34
714,295,418,2,21758.21,36.3
2281,932,303,1,8942.12,16.06
3962,1619,258,4,3250.12,14.14
2920,1190,516,5,13704.38,39.73
1770,727,317,1,9173.31,18.56
2875,1174,277,1,23774.92,3.39
72,27,548,4,14489.13,24.57
939,387,510,3,20598.96,34.02
4649,1889,296,-1,8659.12,14.79
4213,1720,352,6,23330.62,38.26
1003,412,469,5,5203.83,36.43
3276,1343,106,3,21309.5,15.85
4699,1913,501,5,22025.76,9.93
3701,1509,84,6,7624.71,37.73
3332,1363,313,2,1808.33,20.36
252,106,273,1,11534.77,15.13
1325,551,295,1,5979.16,7.15
4097,1671,259,5,23987.19,14.1
134,54,106,5,7016.0,34.66
3309,1355,399,6,16764.18,3.53
2905,1184,93,6,27340.22,20.72
3888,1589,193,5,13680.48,4.03
2747,1119,478,2,25172.96,6.85
3502,1430,159,1,2572.27,5.05
951,391,486,3,22331.03,4.24
973,399,70,6,7181.17,31.15
1859,764,69,-2,17307.41,22.15
883,366,429,1,10543.76,3.35
1511,622,509,1,1713.66,21.06
3482,1420,377,4,28867.65,14.21
39,16,460,2,2295.92,30.81
4391,1791,446,5,7732.54,28.4
1080,446,508,2,846.06,32.95
4014,1641,31,2,12096.77,2.57
4413,1799,216,5,3110.68,36.34
109,44,237,2,21964.45,27.36
4583,1863,398,3,6655.81,12.01
1109,459,114,-5,15533.12,22.87
1374,568,241,1,7198.42,13.07
4202,1716,74,5,23999.74,23.98
2158,880,181,6,14555.31,31.06
2843,1161,154,1,11298.29,13.49
2499,1016,263,2,28896.26,36.18
4691,1909,290,2,10310.45,3.45
2380,968,270,2,24577.55,26.37
399,168,119,1,3224.72,36.53
694,284,134,5,10130.41,1.88
4317,1761,107,-6,9434.74,17.08
1239,511,110,4,23405.19,6.3
3981,1627,6,6,17496.84,39.91
1086,449,186,2,8169.36,3.29
1597,653,277,2,24281.39,1.77
2668,1085,172,4,13582.52,9.35
2038,832,248,5,1996.73,5.51
3176,1301,448,3,2727.48,7.66
2574,1046,52,2,12750.71,4.06
251,106,416,5,16380.56,5.86
2250,919,499,-6,21644.36,29.32
1100,456,88,4,1605.52,22.85
242,101,200,2,3339.81,33.57
1156,478,150,2,25936.42,32.47
3688,1506,465,4,22092.94,36.71
3802,1553,290,1,452.44,38.19
1560,638,168,2,24516.95,38.89
1110,460,125,3,23969.8,0.93
2848,1162,118,4,2309.18,25.96
1378,569,167,3,27382.64,29.7
4884,1989,10,5,1550.25,29.17
4055,1656,246,1,9550.92,4.77
2849,1163,237,5,25669.53,2.9
289,118,327,-4,6944.36,30.01
3961,1618,277,4,23450.63,27.2
1400,578,84,-2,22416.72,32.42
4130,1688,257,1,24028.39,16.9
4281,1746,286,3,10236.15,12.67
1385,574,48,1,28113.78,39.09
3773,1542,488,4,12318.78,32.63
489,206,1,3,7533.9,36.73
514,214,166,1,27948.65,12.59
220,90,95,3,20892.97,34.29
1567,642,379,4,22453.04,23.0
2913,1188,105,6,29054.73,34.15
3557,1455,273,6,19204.97,7.57
2573,1046,284,3,26954.57,27.17
1755,717,84,2,8238.04,10.88
4675,1902,452,4,13627.61,6.89
4179,1705,178,-2,5738.04,16.69
1882,771,124,1,18801.68,12.6
885,367,293,1,27729.41,38.2
4543,1848,148,3,13420.13,29.44
350,143,135,6,26504.21,33.08
1186,489,347,2,26361.37,22.39
2721,1111,70,6,6920.67,7.19
1789,738,137,6,11072.05,10.36
3424,1397,463,6,14845.49,14.88
2491,1012,54,2,17722.66,9.19
318,131,404,2,24811.41,24.46
4886,1989,25,1,7799.1,25.11
1792,738,522,6,12687.28,7.2
3166,1296,532,4,29108.57,0.92
1627,664,342,6,26366.97,21.87
4244,1729,388,4,6649.15,4.37
3197,1310,109,1,25681.46,32.43
4861,1980,381,4,3099.41,35.37
3632,1484,459,4,9397.01,5.38
4665,1897,42,6,10773.28,23.67
1526,626,415,3,5662.69,22.43
3902,1595,179,2,21107.87,9.66
723,300,370,2,16973.1,39.65
536,223,49,1,12934.19,12.22
1646,674,39,5,26362.41,18.01
98,40,163,5,26861.23,9.9
4734,1929,408,1,19011.49,39.4
4007,1638,233,1,11841.83,26.4
1656,679,312,6,24667.2,9.07
729,302,391,4,13455.86,4.51
1137,472,249,5,2691.31,3.59
3489,1423,191,2,15071.06,37.17
532,221,491,3,10437.01,23.55
3849,1574,126,3,811.93,18.44
2612,1062,446,4,21724.21,17.98
2401,976,435,4,7574.6,39.93
4573,1859,420,3,4783.8,21.05
3603,1473,367,1,10185.18,2.98
2939,1197,405,4,20938.94,11.95
3703,1510,56,6,19083.14,30.71
784,326,509,3,1899.92,32.14
4460,1818,537,2,4844.91,18.28
125,51,414,1,28718.91,4.28
2050,836,83,5,2903.63,19.07
2719,1109,447,5,15251.61,12.67
4636,1885,87,2,14435.35,0.1
2654,1078,297,1,6691.29,3.14
1720,703,271,5,12939.02,10.7
2382,969,411,3,10344.0,25.93
4161,1699,427,1,12496.03,39.43
3494,1427,303,5,12252.23,24.73
1642,672,215,1,9409.76,12.34
336,138,154,6,24091.24,11.34
3752,1532,400,3,7433.93,12.24
1564,640,210,4,16426.48,19.32
4430,1808,366,3,4088.15,4.41
54,21,298,5,13747.45,11.38
212,87,484,6,7990.23,11.35
1292,539,330,6,23757.39,23.63
2146,875,127,2,8425.7,29.3
1895,774,148,2,19388.72,35.23
3908,1598,273,2,1625.03,5.55
1252,518,63,2,18511.89,24.51
1547,634,381,5,25271.54,17.19
433,184,411,2,5976.95,0.7
419,178,228,6,8635.13,9.99
1257,521,464,4,24739.48,18.14
385,159,138,3,23738.51,34.52
2388,972,121,2,7226.25,29.67
4722,1922,135,2,28780.08,4.19
1134,471,181,6,10443.95,0.72
1837,756,144,5,5596.25,35.27
3219,1320,227,1,24498.22,13.63
3793,1549,164,6,20128.27,39.91
4414,1799,417,4,27994.38,6.72
4251,1733,429,4,12963.16,39.75
719,298,542,4,11278.48,28.75
75,28,89,1,10328.83,20.88
1258,521,171,5,10741.34,8.22
1795,740,103,4,4307.49,18.87
507,211,433,6,6889.37,23.84
3115,1276,515,1,17620.78,19.94
2578,1048,255,2,24583.72,19.5
65,25,82,3,28402.7,0.83
1391,576,469,2,19827.16,38.64
3057,1252,204,3,20332.09,25.28
758,315,179,1,25600.64,27.65
3481,1419,271,2,27473.1,6.62
2227,908,473,4,5274.47,16.54
2784,1135,337,6,19856.45,14.58
710,292,91,3,7746.22,31.43
1180,485,124,1,13182.73,8.94
2639,1072,345,1,12997.56,28.39
1119,465,95,6,19408.28,27.77
3882,1587,482,4,5126.81,7.84
2557,1040,460,3,17298.74,25.49
863,357,520,6,28419.91,19.42
4484,1825,34,2,23524.4,32.88
2003,817,72,2,28475.25,14.1
2814,1147,427,6,16609.7,15.14
522,217,463,4,14403.11,26.27
386,160,178,1,8032.82,22.17
2626,1067,412,6,15660.81,19.13
4154,1697,500,5,24076.56,29.83
2510,1022,118,-4,5921.47,7.31
415,176,507,3,18012.1,2.46
662,271,225,2,25694.74,2.79
2922,1191,463,3,7144.44,0.17
348,142,140,1,1381.96,32.06
3639,1487,284,2,8751.26,2.59
3515,1435,429,3,1776.34,17.69
2958,1204,464,4,23036.39,2.24
3106,1272,15,2,22376.21,0.39
4710,1916,78,4,21423.63,31.08
1838,757,454,2,8935.17,6.28
3726,1522,86,3,20711.26,32.62
1008,415,84,-4,9912.17,23.22
3452,1407,44,2,20004.11,35.58
1799,741,539,2,18219.27,23.82
3356,1370,124,2,11455.27,39.04
13,6,533,6,17856.12,35.86
857,355,488,6,14906.25,32.99
3298,1351,159,1,5511.46,27.5
2343,954,9,1,6275.69,29.46
4095,1671,39,4,12578.95,27.27
4096,1671,372,3,6782.92,35.02
906,375,115,1,18488.42,6.14
3479,1419,346,1,4039.76,15.82
1362,563,516,4,819.7,33.75
1951,795,142,6,21408.13,7.85
2638,1071,45,3,15545.82,25.16
4342,1771,49,6,14506.76,15.72
3099,1269,470,1,16853.49,35.49
1069,440,177,4,16053.73,24.87
4669,1899,459,2,24756.58,38.1
117,49,537,3,3401.45,11.49
663,271,33,5,26861.4,16.87
4298,1752,10,3,17429.2,30.2
4401,1795,473,5,28206.61,38.7
4619,1877,57,6,8395.5,14.55
4737,1930,237,2,16035.19,35.59
4576,1860,11,1,28480.77,29.04
1250,517,286,4,7325.81,22.21
3146,1289,480,6,25889.0,27.11
2386,970,353,4,9112.22,19.51
191,77,134,3,25366.68,17.24
3913,1600,45,2,3446.47,24.02
4429,1807,455,5,27387.3,22.4
4220,1722,548,1,13206.39,0.03
2899,1183,401,5,8323.47,23.53
1216,502,236,4,1929.92,3.91
3990,1632,172,1,20469.77,1.0
1409,581,286,-6,7367.84,16.0
3064,1254,57,5,20407.49,18.04
4001,1636,214,6,8559.11,26.95
277,114,326,2,16428.77,39.06
521,216,436,2,3640.59,6.09
3647,1490,73,1,20482.6,23.73
646,264,13,2,17411.45,0.12
2756,1124,132,2,5270.25,27.6
964,395,120,3,18377.33,17.45
625,256,258,3,15151.06,21.89
717,297,59,3,6824.89,10.43
2542,1034,488,1,12242.41,28.44
1473,608,44,5,29373.53,28.63
2984,1216,362,4,10363.47,22.8
38,16,82,1,3619.77,4.31
1265,525,231,2,10520.03,7.7
4133,1690,293,5,22069.34,10.2
1861,764,62,2,2170.5,4.56
102,41,418,1,26264.67,23.07
105,43,295,3,25698.59,4.99
4070,1661,170,5,18667.42,16.62
32,14,74,5,2041.78,24.25
2131,870,365,5,16631.47,21.38
2304,941,340,6,26549.06,32.11
4698,1912,211,3,19952.38,26.26
2744,1118,165,2,23914.83,21.72
608,248,383,1,1861.63,14.06
3599,1472,86,4,8923.6,11.05
4389,1790,285,2,12548.18,4.96
3403,1387,366,2,29294.13,13.05
691,282,37,6,1616.16,37.48
4757,1938,120,4,1669.3,21.99
2678,1090,207,1,3187.58,37.26
1193,491,454,6,2082.17,24.79
1406,580,301,2,4075.43,30.59
236,99,293,5,571.62,39.81
4907,1997,87,6,5638.09,35.79
2241,915,342,6,11027.16,13.68
4037,1649,403,6,21332.37,24.11
1456,599,356,1,11567.45,38.86
4223,1722,12,5,11940.94,19.07
3122,1278,41,6,10116.84,17.31
1609,657,300,5,25494.27,17.74
2249,919,436,1,22947.03,16.33
518,216,391,2,5611.33,16.75
2264,925,366,1,22456.79,27.99
4647,1888,334,5,6415.78,19.38
2866,1170,89,2,15467.08,24.27
772,321,346,2,1574.34,15.58
3627,1482,175,2,16340.02,37.36
583,240,16,5,13060.13,22.22
3697,1508,110,3,24165.25,20.4
2200,898,83,1,6525.29,20.94
1860,764,329,4,12262.71,2.97
1604,655,207,1,22662.98,5.17
4700,1913,417,4,7499.0,6.19
466,196,27,3,12621.75,12.81
2820,1151,290,1,5753.8,23.27
62,24,314,5,14949.4,23.21
1823,751,229,4,2166.45,23.51
4106,1678,227,6,2168.8,39.73
4359,1779,5,3,7487.29,14.6
2865,1170,491,4,26039.07,39.76
2475,1007,108,1,28605.56,23.05
527,219,486,5,11942.82,28.44
4217,1721,193,4,27718.11,23.17
4308,1756,106,4,11884.53,35.69
4580,1862,431,4,24131.1,10.4
3285,1347,310,2,18032.69,19.85
2078,848,407,5,23626.7,17.71
2800,1142,534,6,16275.99,20.76
1023,422,104,5,1377.22,13.11
3975,1625,75,2,24796.51,25.49
3213,1316,236,1,17798.08,33.21
1704,695,251,6,28267.76,7.17
1143,474,148,4,6641.01,25.36
3743,1529,378,1,8164.37,24.48
2492,1012,287,-4,12093.95,28.33
1523,625,103,5,863.45,14.4
4372,1783,428,4,18134.32,14.58
4882,1988,323,3,28736.68,14.46
2140,873,176,1,24094.02,27.64
4545,1848,96,6,15026.65,20.9
2417,982,132,2,5070.79,10.55
1381,571,396,6,19262.7,26.53
4316,1761,156,2,10624.66,30.55
1502,619,357,6,6419.71,35.45
402,170,301,5,11470.48,8.34
582,239,548,6,18692.72,6.37
3005,1228,269,5,14242.45,8.09
1056,434,13,5,28268.18,13.96
4324,1764,358,1,27344.14,10.95
4274,1744,77,3,8676.79,16.82
3389,1381,194,1,16667.02,32.77
2934,1195,55,2,28810.64,7.05
4511,1835,297,4,13408.66,18.09
2099,857,486,1,13067.68,10.76
1945,794,481,1,25043.14,31.35
3782,1545,235,6,13758.52,29.26
3459,1410,153,6,9277.93,33.93
4605,1871,30,1,467.63,11.47
2223,907,387,6,7413.69,4.2
43,18,399,2,13958.77,38.66
1644,673,331,1,16119.05,17.76
726,301,352,3,16111.04,36.33
1299,541,176,3,21346.98,19.11
4690,1909,4,2,3806.83,14.09
946,389,33,2,28839.27,1.56
2397,975,393,4,19421.55,22.98
1669,684,207,1,12800.1,34.11
3114,1276,370,6,23225.08,20.39
3572,1460,413,5,17718.09,11.62
1185,489,258,4,3706.37,7.92
2170,884,360,6,2816.75,26.73
2571,1045,228,3,7518.79,31.93
3808,1555,132,4,12934.53,13.56
3978,1626,437,4,25028.94,7.32
4531,1843,66,2,25952.89,10.24
4579,1862,13,3,3355.28,22.48
3433,1400,270,5,722.57,12.05
997,411,269,3,17667.5,23.43
2732,1114,494,5,18331.52,6.87
2759,1125,195,6,4356.13,32.77
2173,885,67,2,9665.58,33.23
3921,1603,259,2,22828.41,36.93
3186,1304,66,1,1445.71,13.2
4833,1970,140,6,23828.28,9.05
3537,1444,378,-4,14974.14,37.62
2210,903,340,4,28773.08,33.78
1237,510,494,1,2342.84,18.59
2823,1152,323,2,7213.0,27.77
2194,894,265,4,16528.49,8.06
1229,506,241,-3,23667.38,27.49
3066,1254,417,6,10885.27,21.74
3843,1569,333,3,25016.87,17.49
769,319,521,1,22656.0,11.68
195,78,235,6,10263.93,27.33
2802,1143,525,6,23211.75,10.33
347,142,122,1,12900.41,13.29
4518,1837,202,5,17544.05,35.33
3085,1264,252,3,23238.67,31.49
4195,1711,504,5,5273.67,26.56
1225,505,488,4,10808.22,5.02
1874,768,537,2,3041.02,10.99
1323,551,290,6,13114.66,5.49
4012,1640,65,2,12872.61,7.82
4835,1971,507,5,21213.39,8.95
2404,977,137,5,8175.71,3.41
4118,1683,17,6,6056.57,8.9
4834,1970,3,5,20703.71,29.57
2540,1033,314,2,10343.97,12.17
1317,549,410,1,22476.03,33.24
4541,1847,236,3,15063.51,32.39
1522,625,91,5,25680.61,32.23
1762,721,155,5,26462.84,34.13
4437,1810,192,3,1980.97,3.5
3950,1615,56,5,28021.57,26.37
4064,1658,424,2,27402.73,24.29
1488,613,7,2,15556.4,1.94
1384,574,524,1,6071.42,17.95
1468,605,330,2,10204.59,38.83
1047,432,277,3,10583.09,34.23
1956,799,39,6,1411.3,15.88
4842,1974,107,2,24701.0,5.04
4686,1907,519,4,4137.61,24.12
4468,1821,298,6,8193.03,1.58
1852,762,223,2,2577.03,15.4
4288,1748,286,4,13372.62,34.81
1574,644,285,3,27810.99,37.88
524,218,107,1,21303.32,4.0
4241,1729,238,6,14934.79,9.76
2513,1024,164,6,22589.12,3.29
4219,1721,109,5,20173.51,16.39
1601,654,451,6,8642.51,17.47
4802,1957,509,5,20549.85,25.56
3796,1551,161,1,25373.57,39.02
4302,1753,322,4,18790.69,11.92
802,333,92,4,11631.14,13.9
2465,1001,465,4,25983.52,17.42
4564,1856,78,3,2599.4,5.42
1328,552,300,2,1445.59,11.1
4816,1962,407,2,18229.67,25.4
3211,1316,262,-5,12042.85,2.73
2090,853,250,5,13447.58,2.87
4208,1717,336,6,27876.05,26.66
1461,602,504,-4,8623.19,23.51
3974,1624,7,6,17440.21,14.55
3580,1463,79,1,14899.12,1.27
739,306,326,2,24487.8,26.32
1000,411,349,2,2641.03,23.78
773,321,491,2,19467.85,21.26
1397,578,200,6,8010.42,10.77
291,120,465,4,12139.51,37.53
803,333,35,3,1087.48,16.27
209,86,538,-1,5626.38,32.81
4656,1893,490,1,26765.9,24.92
1132,470,466,-1,2706.98,24.79
1987,809,128,6,20051.25,24.26
3832,1564,342,4,6464.44,26.13
3939,1609,405,6,7762.98,5.59
4729,1926,401,5,20241.16,6.56
2825,1152,55,2,3925.97,10.71
3644,1488,171,4,12851.73,0.85
1790,738,9,-4,1380.72,11.76
656,268,199,5,9272.03,27.96
1205,498,18,1,8356.5,19.95
3771,1540,542,2,4437.47,27.31
1240,511,381,1,25130.78,16.17
2560,1041,171,4,4989.42,12.05
411,174,283,2,10834.58,13.07
570,235,523,1,8363.27,31.32
985,405,228,2,6611.42,3.33
4504,1832,406,6,14726.67,33.29
3712,1513,16,3,26642.92,38.1
3655,1493,368,3,4970.21,14.83
1060,436,36,6,13561.29,5.36
4290,1749,126,5,21744.73,38.06
2968,1210,390,-5,28920.9,11.14
4283,1747,8,6,5069.02,10.77
1629,665,524,2,893.93,33.1
4393,1793,38,4,1449.56,9.54
3095,1268,469,3,5256.61,30.7
1154,477,164,5,6310.04,0.6
485,204,540,4,2137.68,0.88
2709,1104,49,6,15408.61,26.21
692,283,225,2,13223.31,14.37
4537,1846,523,1,12446.78,37.61
860,356,452,2,14127.91,5.93
1394,577,395,1,14220.21,15.68
3009,1231,515,1,1279.06,11.6
1162,479,505,2,2501.2,5.87
2305,942,151,6,12043.07,32.24
4338,1770,59,4,29606.87,5.43
3522,1438,427,2,294.74,19.28
1307,544,167,2,2706.97,22.79
3897,1592,145,3,5769.83,37.92
2283,933,56,1,1265.84,2.36
979,402,345,1,19138.29,14.53
2743,1118,107,1,28447.43,11.67
4399,1795,492,6,12390.32,25.24
601,246,65,6,27767.69,35.94
2082,850,58,3,1628.44,32.35
2111,862,296,6,2158.54,11.88
1694,693,325,2,26257.97,0.32
1919,783,39,2,23730.26,26.28
4513,1835,221,6,27593.29,34.92
1202,497,387,4,22933.16,28.57
1914,781,78,6,9972.16,20.9
2017,824,481,6,29824.86,27.89
2263,925,171,6,15185.99,25.81
113,46,421,4,20441.4,17.74
416,176,88,4,17765.3,16.49
4315,1760,3,5,13666.07,36.55
4194,1710,425,3,8468.44,0.41
3238,1328,301,6,26715.1,12.81
2246,918,409,3,2694.23,4.07
258,108,2,1,15465.57,24.02
3049,1250,82,3,16367.1,28.27
4872,1985,277,4,9027.21,11.94
424,180,141,3,181.69,1.76
2563,1043,417,1,19383.14,12.04
4557,1853,168,5,22504.04,15.7
1941,792,493,6,11759.08,0.04
2590,1054,421,2,2325.56,26.78
1660,680,483,6,5382.91,4.89
153,60,533,6,20346.54,38.0
2669,1086,47,3,28443.75,9.66
744,307,152,2,13937.69,5.28
1832,755,30,4,15019.73,32.36
1800,742,2,3,21816.07,22.17
3716,1515,118,1,15112.21,18.65
501,209,255,6,11935.24,24.74
994,410,491,4,28012.11,23.7
245,102,408,6,22937.37,38.89
2597,1057,428,6,1596.65,8.66
4705,1915,297,3,5897.09,2.92
558,230,281,4,7688.41,9.3
3772,1541,166,2,6339.19,34.5
1708,697,296,6,8749.36,6.14
2427,987,526,3,16158.03,35.91
1280,533,186,4,21119.42,3.99
3413,1393,517,3,10933.86,25.86
280,115,331,1,11928.1,20.41
4235,1726,181,4,12645.24,12.65
541,224,249,6,19281.32,29.69
3520,1437,313,5,23393.83,3.94
3526,1440,277,4,24585.56,13.64
3088,1266,50,2,9838.77,10.96
4221,1722,144,1,27105.17,37.06
112,46,151,6,3785.0,14.75
3193,1307,44,3,15681.9,8.86
848,351,439,4,24491.97,17.5
2441,992,331,6,22606.67,24.37
2855,1165,456,2,28012.62,2.49
2950,1201,301,2,27891.08,29.96
2422,984,220,2,24587.26,11.21
2553,1038,472,2,11940.46,36.46
30,13,41,-5,27684.28,31.58
4072,1661,401,1,21090.29,21.92
1493,615,243,-6,11008.61,0.93
3420,1395,244,-3,27990.02,16.52
4353,1777,543,4,28009.6,30.17
642,263,45,4,13343.97,7.65
2390,972,411,5,13393.19,28.65
586,240,372,4,17123.56,35.87
2029,828,374,5,27736.92,36.04
4086,1668,544,3,19016.93,24.76
2647,1076,43,2,25144.19,34.86
1651,676,68,4,4127.91,12.77
968,397,311,5,23585.47,14.89
338,138,542,1,15759.26,22.46
3931,1607,222,2,8682.56,15.14
1590,651,139,3,4670.41,10.75
4856,1978,210,3,3123.42,4.97
307,126,412,4,5960.06,30.76
3446,1405,229,4,26626.29,31.14
3813,1557,294,1,26376.72,37.9
373,155,78,6,16638.78,5.75
2685,1095,2,1,20872.48,23.43
4250,1733,234,2,16313.02,17.91
3228,1324,361,1,445.49,27.2
1839,758,135,1,12277.4,21.66
882,366,327,2,10824.91,6.14
2266,926,98,2,6186.32,14.66
3014,1233,402,5,20916.09,3.76
4778,1947,329,3,9592.63,2.14
2841,1160,410,5,19854.61,32.78
4408,1798,477,3,23314.69,0.02
4398,1795,153,3,25595.62,36.79
924,381,542,4,28143.08,29.45
264,110,454,6,4395.08,29.2
1327,552,33,4,6332.0,10.04
3422,1396,378,3,2426.31,2.48
4646,1888,515,5,18882.66,36.48
4041,1650,200,2,1867.11,10.47
77,29,443,1,23298.28,16.1
175,71,42,5,884.92,23.97
397,167,162,1,27727.23,38.4
923,380,521,6,10544.9,7.47
2248,919,412,4,21931.97,18.82
4763,1940,162,4,11007.57,14.76
2535,1032,318,2,24340.01,33.07
367,153,392,6,21913.73,15.7
1624,663,525,4,15801.2,34.45
686,279,302,5,27805.97,39.18
2796,1141,8,6,14925.68,15.62
3087,1265,368,4,17255.97,22.19
1410,582,523,5,10633.12,28.67
4477,1823,286,2,14267.4,21.22
4481,1824,246,4,2578.94,6.96
4826,1966,180,6,3572.2,38.6
4319,1761,62,2,26741.2,11.85
4788,1951,126,4,6252.68,30.49
3155,1293,248,6,6256.36,27.07
3706,1511,328,3,22803.7,1.44
2411,980,12,6,13742.68,28.84
1301,542,173,3,6579.52,31.21
3340,1365,65,1,15759.99,26.94
4234,1726,339,2,4184.29,23.59
3423,1396,138,6,13215.31,13.19
2999,1224,23,5,5363.22,28.66
576,237,400,4,2307.39,36.2
3327,1361,472,6,9424.8,25.15
728,301,350,2,17918.74,12.92
2615,1063,412,2,7543.42,30.02
70,26,4,2,23133.15,30.34
4786,1951,298,2,21711.67,28.38
465,196,520,3,444.87,6.9
2005,818,316,5,1776.87,26.06
4760,1939,257,1,3393.01,26.64
3226,1323,78,6,27220.4,10.27
3767,1538,271,5,7950.65,37.06
2182,890,288,6,4549.01,0.09
3210,1315,483,4,16714.57,15.41
4425,1806,422,5,10114.71,28.05
890,369,348,1,21743.16,8.92
4724,1923,45,4,1904.33,11.56
1588,649,218,3,462.27,30.81
3272,1342,446,4,21286.88,21.29
2364,961,427,3,18259.46,15.91
3091,1267,535,5,27977.56,37.44
1583,647,239,3,26031.16,29.21
4640,1886,434,4,16118.33,17.02
504,210,51,1,4129.55,23.96
430,183,201,5,13643.6,9.86
3300,1352,426,5,16712.35,10.46
4013,1640,393,5,26585.27,23.86
681,277,52,3,14414.63,30.62
3043,1249,262,4,9404.91,16.84
3284,1347,95,1,22414.72,31.67
4865,1982,442,6,3220.14,38.52
4352,1776,31,2,10760.69,21.11
3384,1379,508,1,15878.54,30.45
135,54,210,4,29879.09,2.9
498,209,278,4,29858.76,31.49
4615,1876,488,2,28189.53,9.9
4800,1956,488,6,6790.59,26.97
1071,441,221,1,4564.35,15.97
3759,1535,446,1,13080.79,22.94
1540,631,78,4,15236.34,38.4
2980,1215,212,4,24262.68,13.04
2641,1074,498,6,17552.73,15.26
3628,1483,129,2,26314.51,36.85
192,77,107,3,7630.31,18.48
4028,1645,463,5,13268.79,26.28
4447,1814,75,5,8246.84,30.98
4895,1993,86,2,20930.74,24.1
955,392,365,6,27343.7,38.01
1247,515,351,-6,1083.65,23.33
2460,1000,505,1,21007.84,7.69
2418,982,171,3,24172.61,3.3
311,128,518,4,4702.07,33.36
2543,1034,315,2,26009.81,25.9
917,379,212,5,11622.4,31.58
871,362,398,6,6687.33,18.18
4122,1685,468,4,10522.96,13.23
3958,1617,150,2,23364.04,13.1
2025,827,519,2,16890.77,34.25
4740,1931,115,3,25619.38,9.95
3785,1546,502,4,2124.6,7.75
3405,1389,394,5,27266.11,12.04
463,195,312,5,22759.2,18.05
551,227,438,1,6386.95,21.4
1999,816,331,5,11467.44,1.0
3252,1334,424,1,28824.33,24.95
2805,1143,305,3,20551.33,25.7
3277,1344,36,4,21384.98,37.62
1173,484,51,1,8353.07,37.53
3842,1568,82,3,21265.4,32.0
3674,1501,95,6,1431.52,2.71
4688,1907,169,3,24520.89,26.8
4185,1707,333,2,6955.12,13.66
2799,1142,404,1,25703.39,8.81
2852,1165,44,1,3865.11,5.81
1002,412,527,5,22557.37,36.04
106,43,431,3,14980.55,39.11
4224,1723,454,2,6060.3,17.75
837,346,29,1,27058.04,37.98
3576,1462,450,3,19360.69,2.22
4790,1952,260,4,8820.08,15.83
4471,1821,232,1,4517.69,10.85
3847,1573,429,2,20612.88,6.88
15,7,511,6,1633.47,23.67
376,157,475,6,14843.74,6.46
281,115,97,4,29848.37,9.46
3067,1255,194,4,23742.55,34.25
3860,1577,190,1,1954.49,22.93
1572,644,86,4,321.53,16.75
2521,1028,146,2,6563.4,21.4
2108,861,452,5,855.26,14.54
4289,1749,424,5,29727.22,7.57
3798,1552,424,1,6370.18,32.51
689,281,68,4,28701.1,23.09
1308,544,180,-5,502.0,28.09
878,365,387,5,2234.01,30.64
4093,1670,240,3,7288.04,6.3
4507,1833,253,3,23768.71,12.44
1230,506,149,4,12601.79,3.35
3777,1543,7,2,24159.24,21.28
142,57,103,1,6956.94,23.03
3589,1468,118,1,15784.69,2.84
3426,1397,527,4,8724.9,23.47
1701,694,100,1,12221.14,20.98
1365,564,433,6,16397.44,16.06
1543,632,344,5,18754.76,31.85
1476,608,149,4,2977.83,21.48
2750,1121,298,5,5598.37,18.88
781,325,378,1,21639.36,2.88
3038,1247,116,2,3518.41,23.04
1006,413,147,1,17555.83,29.25
235,98,49,5,16977.41,28.3
2602,1059,47,3,19859.07,15.27
2030,828,298,2,26526.27,16.34
2337,953,284,1,2024.66,25.44
3025,1240,516,6,19604.46,34.11
4486,1826,28,4,8956.4,34.7
2923,1191,140,6,29734.63,39.35
3322,1359,29,1,2551.73,24.39
3337,1364,99,4,6247.5,32.33
2731,1114,58,6,20988.15,6.68
2115,863,191,3,3469.57,15.87
3491,1424,286,2,16484.22,0.06
3872,1583,365,2,3219.83,2.99
2991,1219,404,6,26222.62,24.41
2862,1169,182,3,13646.15,18.63
2770,1129,326,1,28933.28,16.32
2125,866,526,2,3809.91,7.7
818,339,49,5,12661.83,24.22
2168,884,160,6,1021.44,27.73
3333,1363,397,5,29429.38,35.83
152,60,426,1,21020.66,6.65
2858,1167,299,3,12630.68,20.13
3536,1443,304,3,29375.59,13.36
3583,1464,428,2,7771.8,7.98
2735,1115,407,4,6569.29,7.61
2396,974,32,6,22763.56,17.53
4845,1975,213,5,3234.32,19.2
4750,1935,372,5,170.71,7.72
3797,1552,185,2,19331.1,12.93
3986,1630,60,6,13620.66,5.33
233,97,418,1,19389.55,24.58
2121,864,353,5,22429.92,5.8
4363,1780,482,5,9521.46,10.46
500,209,272,5,19928.72,24.7
3953,1616,387,5,16904.05,17.26
539,224,293,5,22120.72,39.09
1102,457,334,2,8143.56,17.48
1051,433,278,6,1149.93,12.2
1671,685,192,1,5739.37,15.08
1150,476,429,6,28054.93,37.28
842,349,49,2,16816.63,37.77
2842,1160,146,4,16927.9,7.35
50,20,108,4,29081.3,8.07
2665,1083,538,-4,28282.79,9.88
693,283,131,6,7386.61,28.71
4514,1835,334,5,23430.01,13.12
1571,643,123,1,1874.68,35.2
1343,558,97,3,15205.15,36.26
4630,1883,465,6,818.66,3.28
4454,1816,50,3,28471.27,8.85
3609,1476,337,4,26390.13,22.08
1181,486,123,1,5077.39,21.14
1106,458,152,1,9932.72,35.15
1594,652,511,6,6760.88,10.05
3671,1500,166,2,13016.34,30.67
3040,1248,241,4,16867.73,8.25
3937,1609,419,3,476.95,31.43
3429,1399,427,4,27668.49,33.82
1353,561,439,1,1191.5,28.24
3474,1417,504,3,29681.82,38.55
3167,1296,453,2,22401.95,16.53
615,252,336,6,24340.77,5.63
2871,1172,408,5,23867.46,2.97
3054,1251,360,3,12007.27,38.79
3984,1629,523,4,27403.05,12.5
2211,903,339,1,20506.42,9.63
755,314,497,2,21602.18,38.65
2480,1009,390,5,22275.13,0.46
1017,420,321,6,22550.65,30.18
2640,1073,185,2,14685.12,22.13
4517,1837,472,2,17171.32,5.51
2151,877,187,6,24351.83,4.86
4159,1699,401,5,2200.07,14.34
3133,1284,35,2,433.1,7.9
2201,899,106,3,24895.15,16.75
3664,1498,177,2,16395.28,5.6
4170,1702,312,5,22634.56,20.3
3159,1294,77,4,14768.95,1.25
3100,1270,349,2,27949.5,6.27
3698,1508,198,5,29535.34,25.5
1727,705,63,5,12553.02,4.21
2087,852,9,5,23681.5,10.93
2232,910,515,6,17664.25,33.94
1556,636,427,4,3914.01,29.81
4490,1828,191,2,3798.52,21.14
3996,1634,86,4,3413.42,32.13
3082,1264,415,1,7258.29,34.26
3790,1548,371,1,6366.82,9.32
391,163,329,1,10471.94,34.87
4143,1693,330,2,17566.95,1.21
881,366,425,2,13625.28,19.92
101,41,174,6,25928.38,20.39
4910,1999,469,6,29376.08,3.69
556,229,527,2,22953.59,23.95
811,336,403,3,12477.03,17.38
3098,1269,495,3,25179.59,29.12
346,141,325,6,8712.18,20.08
4512,1835,70,5,17128.25,31.5
3156,1293,425,2,7789.41,13.47
4814,1960,363,1,14544.47,22.82
2708,1104,527,1,2722.83,9.24
4657,1894,394,3,9301.74,9.68
3008,1230,155,1,18615.45,35.31
3231,1325,357,5,14664.64,5.67
589,242,390,1,2451.91,34.19
2757,1124,14,2,29881.37,5.39
557,229,314,3,21122.02,33.5
545,225,43,3,19096.72,1.33
2206,900,336,1,29766.58,11.13
1443,594,264,1,9607.83,38.57
1505,619,418,-4,29088.27,16.34
3514,1435,543,3,21055.8,38.73
3821,1560,442,6,20306.08,23.91
4664,1897,417,4,20168.69,1.41
1559,638,17,1,5555.33,18.02
892,371,66,6,25530.06,3.77
1897,776,13,4,18941.19,26.84
2076,847,145,6,22334.81,29.25
4272,1742,116,5,3216.43,37.02
645,264,403,3,18699.02,38.79
3477,1418,461,6,24601.43,36.64
4337,1769,162,4,5070.71,38.59
1851,762,147,-2,23838.26,13.77
776,322,313,1,9786.37,0.54
2362,960,223,5,686.34,19.89
737,305,544,3,4348.45,4.81
4602,1869,456,3,24463.12,31.42
2137,871,73,1,26759.95,21.02
4764,1940,484,4,5545.36,4.38
4607,1873,69,5,9157.21,7.4
767,319,454,3,6373.62,38.79
1553,635,285,5,7804.86,36.56
2128,869,489,3,13518.99,24.01
2620,1064,388,4,14482.84,23.68
2674,1089,521,3,14072.18,35.93
1950,795,376,2,24741.19,11.26
171,70,362,3,3543.21,36.57
1199,494,228,5,16300.7,11.71
700,288,544,2,23576.23,10.55
2124,866,149,5,16342.16,6.81
1249,516,386,5,3482.66,32.33
182,73,472,5,29962.36,30.89
2144,874,303,3,10053.96,9.0
4247,1731,43,2,18074.79,34.39
2395,974,398,-1,13857.51,24.63
1061,437,287,-1,21247.56,19.79
2684,1094,492,-6,6412.37,9.37
2838,1159,222,2,14695.94,34.31
2828,1154,153,1,3495.03,10.06
3382,1378,502,5,1441.62,32.11
4361,1779,495,4,20729.23,17.22
2911,1188,138,1,10023.28,21.87
4510,1834,154,3,2528.29,16.79
4581,1863,446,1,13451.45,32.45
2260,924,260,4,15060.25,6.71
3004,1227,117,2,22256.33,29.19
1791,738,282,1,252.3,32.74
1335,554,12,2,8873.31,21.44
4101,1674,281,5,25440.41,17.12
2360,960,44,2,26396.42,37.97
4670,1899,514,1,29092.03,38.37
3265,1339,356,2,23040.61,12.02
2331,951,433,4,19210.24,20.1
3165,1296,6,1,1098.22,0.42
2536,1032,422,2,10440.23,3.19
593,243,99,5,25060.09,22.06
2886,1178,236,6,5351.19,3.28
2451,996,376,3,4332.78,33.72
1142,473,265,3,1475.5,35.01
603,247,286,4,15142.65,36.78
3050,1250,220,6,2146.41,16.56
3436,1402,283,1,27873.78,32.76
2412,980,373,6,11006.25,32.55
4495,1829,480,5,633.53,3.4
3998,1635,99,3,11969.61,10.26
2752,1123,260,6,20488.16,6.41
2438,992,228,1,24830.59,6.47
993,410,193,3,11507.33,3.5
2981,1215,470,1,19712.52,19.64
2933,1194,135,6,19106.4,11.98
3728,1523,487,-1,8209.69,36.14
3619,1480,315,4,15145.57,38.41
3182,1303,288,4,28573.83,6.62
1928,787,254,5,23136.87,20.37
4870,1984,141,1,8675.19,36.78
4379,1785,107,6,23810.45,18.25
1018,421,13,6,3883.44,15.78
1510,621,70,4,21802.49,38.05
3916,1601,186,1,2778.21,37.62
2236,913,83,3,10586.89,11.92
864,357,193,4,28220.61,31.78
3237,1327,293,4,29414.26,16.03
2449,995,350,2,203.07,6.97
409,173,2,2,17109.22,13.81
1133,471,340,1,20629.9,37.53
1661,680,366,5,2561.7,25.08
4053,1655,453,2,21880.35,12.93
1389,575,425,5,26116.55,11.84
1284,535,436,1,23016.93,1.06
4370,1782,467,3,14734.38,26.88
4266,1740,273,5,27871.58,15.12
3425,1397,185,3,21270.38,5.05
2544,1034,161,5,1501.57,32.24
4874,1986,63,4,25050.89,23.02
4330,1766,228,6,3749.56,30.56
745,307,441,4,12261.46,7.8
4849,1976,215,4,3290.61,9.28
3840,1568,291,2,13186.72,26.41
2530,1030,276,5,6011.35,19.06
4900,1995,73,4,18995.41,27.35
2485,1010,211,5,24779.89,5.77
1519,624,331,6,7988.91,26.82
3512,1434,185,2,23892.65,22.97
4320,1762,107,4,19837.66,7.97
706,290,261,3,13285.16,17.26
3910,1599,228,6,1611.12,6.3
2545,1035,547,-6,8975.19,11.72
678,276,115,5,16112.36,13.29
1254,518,131,4,29740.06,19.73
3151,1291,469,2,14876.95,18.84
4911,1999,273,3,27293.72,23.01
2178,888,391,4,28102.59,16.94
3571,1459,503,3,3804.31,7.45
1940,791,119,1,15087.75,5.61
1992,811,367,1,19676.74,35.16
2878,1175,498,1,1278.35,18.69
594,244,95,5,12144.11,5.51
3744,1530,33,2,4093.64,13.89
1075,442,11,3,18186.96,1.2
4777,1946,271,1,27669.5,27.3
952,391,356,4,7173.22,5.98
1653,677,511,3,27518.2,24.06
4711,1917,496,4,10312.15,12.1
3991,1632,220,2,2374.79,9.34
339,139,490,1,3980.3,33.79
156,61,286,3,6503.0,29.34
4889,1990,279,4,15622.5,0.22
2454,996,5,4,7255.46,32.14
309,127,66,6,29203.39,19.8
1487,612,548,-3,11281.71,32.52
742,307,199,6,26103.84,37.35
4499,1830,138,3,26563.67,19.7
3203,1312,505,1,16134.41,25.68
1419,584,418,2,10408.1,24.41
4384,1787,336,4,16521.58,2.67
2807,1144,175,6,11629.48,30.85
4599,1869,67,4,16978.16,7.24
1082,446,508,1,16460.01,39.71
2791,1138,544,5,28462.94,31.92
1918,782,113,4,13579.01,10.49
2577,1048,356,1,2271.43,1.93
3361,1371,145,4,6990.78,21.32
2532,1031,381,3,2412.03,33.69
4076,1662,402,1,6762.86,19.53
1783,735,478,5,21173.12,11.04
2288,935,123,5,5594.49,23.64
2512,1024,320,3,4586.88,0.85
1424,586,177,1,26021.31,10.06
4056,1656,378,6,15918.06,34.27
4793,1953,76,1,15385.28,16.01
1695,693,15,5,7391.42,19.82
2130,869,114,3,12335.65,13.43
265,110,226,6,602.86,19.81
3487,1423,384,6,6791.56,35.16
2779,1132,475,4,16609.68,7.09
3409,1391,210,5,28241.05,6.01
2712,1106,271,6,3833.58,27.05
945,389,404,1,5209.95,33.43
3372,1375,458,6,21203.85,18.92
28,11,376,6,24820.05,14.29
3466,1412,414,3,5959.93,11.17
724,300,278,4,21871.19,31.08
1984,808,91,1,20458.33,37.88
1321,550,436,6,6765.65,4.45
2415,981,271,6,2142.46,35.45
1985,808,251,1,13036.25,37.19
3521,1438,195,3,11014.24,9.91
4765,1940,29,2,24207.95,38.91
4210,1719,195,6,24450.5,29.61
4142,1693,404,6,29953.26,17.3
3020,1238,279,3,12952.73,38.33
2271,928,60,5,21205.87,27.1
1412,582,410,4,6007.81,5.09
3440,1403,220,2,29105.65,26.32
3190,1305,437,1,3562.19,13.52
123,50,522,6,3383.75,28.85
3547,1451,537,4,14779.33,19.83
206,85,505,2,19356.44,39.98
1921,784,106,4,11037.83,37.11
1677,687,227,4,18554.19,0.65
9,4,225,4,5051.56,26.9
4916,5758,489,2,4033.75,17.07
1140,473,546,6,14982.98,17.18
2496,1015,249,4,1551.95,31.42
3117,1276,342,2,1924.2,17.5
4369,1782,261,5,14716.17,28.79
2827,1153,249,6,11107.52,27.79
422,180,454,5,29941.38,14.88
4776,1946,455,1,14151.89,33.66
3039,1248,25,2,15629.47,6.6
3906,1597,296,4,5473.76,15.59
4671,1900,229,1,18838.53,11.76
331,136,242,3,2671.7,14.57
4368,1782,480,2,25965.78,3.72
4645,1888,41,2,24769.9,29.95
2556,1039,229,2,18363.5,39.4
2141,874,124,2,18456.21,21.08
1732,706,348,6,8760.12,35.1
205,84,50,5,7308.78,3.66
1745,712,293,4,17805.38,11.91
2051,836,312,3,9448.67,27.37
4875,1986,25,3,6643.42,32.28
223,91,405,4,23742.88,1.85
3227,1324,280,4,7982.0,22.64
3321,1359,14,6,25500.79,4.6
3468,1413,385,3,17715.58,15.62
658,269,343,-3,4904.34,13.92
2549,1036,142,2,17857.59,36.91
298,123,143,3,29070.6,30.2
3380,1377,105,6,6292.33,36.54
2880,1175,292,2,29253.75,23.16
4587,1865,186,2,6281.41,35.44
4893,1992,175,3,8533.41,35.81
3969,1621,241,1,16379.22,4.85
3747,1531,521,5,937.75,32.23
2977,1213,517,4,22800.28,5.75
2594,1056,431,5,26330.21,12.24
3465,1412,343,2,9878.39,32.32
403,170,14,6,19553.73,26.61
1346,559,426,3,25487.48,5.25
3092,1268,124,1,3665.88,12.03
3932,1608,542,3,23159.62,13.37
1422,585,410,5,21332.46,18.04
3734,1526,389,1,7510.61,16.08
3255,1335,278,3,6864.0,4.36
2452,996,238,2,11104.91,9.23
4598,1868,260,3,23800.11,24.04
4783,1949,535,6,2726.65,6.49
4285,1748,165,6,15386.34,25.28
1245,513,433,-5,2236.44,18.58
198,80,232,6,7319.16,27.9
4381,1786,397,3,5513.04,16.41
1803,743,322,2,23415.08,17.72
1130,469,140,4,27391.01,25.49
2896,1181,459,4,22331.92,36.02
3310,1355,20,3,21802.55,9.02
4821,1964,56,4,6121.39,30.49
4547,1849,74,2,2736.21,24.38
2769,1128,529,1,8941.97,4.76
3230,1325,269,3,17864.22,8.82
2100,858,29,6,25154.7,12.83
3457,1409,9,5,15423.86,3.71
1494,616,348,2,23045.04,18.4
257,108,42,1,5010.94,30.09
3787,1547,352,2,2141.67,36.1
3383,1379,373,1,24578.23,10.69
913,377,241,5,28065.99,22.13
352,144,535,2,12827.92,29.53
2207,901,344,4,21251.54,31.64
2671,1088,417,1,6853.2,1.5
4720,1922,362,1,1232.42,5.65
1673,686,80,1,9472.08,15.77
2646,1075,73,2,7117.69,3.07
1531,627,140,2,748.56,3.76
434,184,446,2,25796.2,27.05
2663,1083,56,4,916.91,8.59
687,280,160,1,8394.99,19.49
1141,473,333,2,23179.93,29.22
3184,1303,416,5,29902.7,7.47
3718,1517,301,2,971.53,9.77
3137,1286,276,4,3120.73,20.95
4902,1996,104,6,28876.36,9.15
327,134,396,5,18335.53,30.24
1841,759,392,5,25767.29,33.37
3977,1626,82,2,5589.37,4.89
4693,1910,213,5,3774.14,27.52
2495,1015,331,2,2801.28,20.23
3119,1277,399,6,7745.11,6.87
1662,680,275,6,27879.73,4.6
1204,498,338,2,2812.39,0.13
4609,1873,138,2,7484.19,35.33
2191,893,279,4,25982.3,9.95
653,267,439,5,16447.39,28.69
2195,895,349,3,15308.9,18.21
73,27,86,3,10661.88,15.52
1135,472,118,1,18088.29,8.76
4810,1959,328,1,222.5,22.54
2955,1203,8,4,16154.62,32.96
2893,1180,217,4,28240.62,31.48
1565,640,338,6,25449.82,2.7
4624,1879,360,4,2123.86,17.68
269,111,504,6,14276.77,15.38
360,149,313,5,11376.97,0.32
621,255,228,6,14101.33,11.87
4635,1885,115,3,21778.86,6.83
1576,645,177,3,8310.46,0.27
886,368,224,1,9600.61,30.3
4787,1951,449,5,4541.72,11.64
474,201,182,4,26823.51,27.64
4592,1867,462,2,12349.72,0.64
4756,1937,283,2,12018.37,37.48
2419,983,501,6,24200.26,5.87
3844,1570,537,2,16222.5,19.98
2000,816,193,5,22287.36,0.99
4358,1778,158,3,4069.49,21.34
2773,1130,167,2,29390.58,37.42
266,111,289,4,21458.03,17.96
1804,743,150,2,15965.32,5.25
3216,1318,135,6,23419.41,34.99
147,58,63,6,18597.52,1.26
51,20,152,3,25747.45,29.76
4136,1690,336,4,10411.81,26.67
2916,1189,467,1,16474.54,10.08
2058,838,164,1,27993.99,16.96
1039,428,420,3,11261.82,4.98
1831,754,408,5,16083.86,12.61
725,301,66,4,8482.68,3.16
2701,1100,244,3,14315.54,33.6
2204,899,268,5,20524.41,8.18
1605,655,328,6,11953.31,20.57
3705,1511,368,6,21597.76,30.23
1652,677,511,5,26071.26,14.2
3058,1252,323,3,25443.23,14.17
1427,588,297,3,29368.77,27.94
1865,765,142,4,15552.82,11.38
888,368,158,6,24817.38,28.91
3431,1399,432,6,3610.64,13.2
628,257,455,3,11864.86,17.96
2068,843,453,4,18230.72,2.56
4042,1651,95,3,5967.73,35.29
3742,1529,325,5,12104.13,5.09
2957,1204,436,2,19546.18,34.35
3023,1240,156,2,11382.0,29.86
1922,784,435,5,3473.4,22.75
3447,1405,249,1,12665.0,20.94
2118,864,523,4,6571.87,22.05
2217,905,145,4,11383.44,13.34
2008,820,475,1,19312.56,30.96
2102,858,113,5,18704.25,31.94
76,29,491,6,10271.41,15.57
897,373,313,2,20244.21,1.7
2095,855,421,2,370.22,21.5
2479,1008,275,-6,6176.2,0.42
613,250,474,1,17850.09,27.22
4060,1657,308,2,16098.67,27.22
284,117,77,1,19207.97,35.13
1722,704,485,6,24646.25,11.07
3564,1457,437,6,4546.25,32.39
1111,461,394,5,18870.49,32.82
1890,773,473,5,20718.24,34.18
4478,1823,523,1,553.81,24.48
4157,1698,207,2,22657.85,19.6
3834,1566,416,3,3837.8,20.62
2548,1036,426,2,5117.0,15.28
2326,950,340,4,4562.57,35.64
133,54,505,2,16916.81,27.59
1816,749,331,3,23549.01,23.69
3476,1418,395,6,26695.25,27.03
1168,482,319,2,8441.08,32.09
3360,1371,264,1,1472.1,29.52
2435,990,432,6,25166.3,25.46
426,182,236,1,8357.48,37.73
831,343,266,6,11697.8,3.39
4375,1784,22,3,27264.86,16.06
2884,1176,109,4,10927.41,29.06
1815,749,413,5,9636.2,13.28
1923,784,482,4,17416.36,28.51
2621,1065,426,1,16470.43,26.93
2988,1217,77,5,10414.72,6.42
3385,1379,309,4,8140.25,38.76
1885,772,130,4,21357.76,7.17
3657,1494,336,5,8894.94,23.27
3866,1579,491,2,25839.13,17.27
1103,457,460,1,3606.32,22.96
4025,1644,97,4,10000.07,37.28
2361,960,329,6,23561.57,33.54
1359,562,525,4,15261.29,13.16
237,99,262,5,12145.37,23.91
1883,771,424,5,17067.73,13.08
4703,1914,127,5,8857.61,15.39
3342,1365,491,5,6454.89,27.87
2918,1190,345,5,8215.57,32.02
2474,1006,369,5,9036.99,19.09
1628,665,536,6,19704.33,30.5
4286,1748,474,6,12597.2,32.22
1631,667,49,4,6661.44,31.17
1769,726,89,4,26319.46,31.31
4887,1990,35,3,16211.44,15.5
3534,1443,385,3,935.1,24.09
4603,1870,532,4,14834.01,34.82
231,96,119,2,16680.47,31.75
1441,594,492,2,19583.96,29.3
457,192,176,1,1742.18,6.33
4684,1905,425,6,21879.17,14.76
3523,1439,310,2,26128.26,0.12
4245,1730,359,3,19842.83,25.5
3776,1543,237,5,3770.81,0.64
4462,1819,329,5,5247.68,0.18
4526,1841,524,-1,8028.56,37.6
611,250,45,6,28415.43,34.49
1712,698,140,3,29737.29,9.28
2601,1059,361,1,20583.04,37.3
3730,1524,481,-3,24394.29,38.7
2164,881,277,1,15803.8,31.68
3434,1401,157,4,14532.0,14.42
4516,1836,236,6,18947.9,3.5
2443,994,16,2,10155.16,26.48
4243,1729,283,1,17273.87,12.72
676,275,176,1,27320.53,31.43
4239,1727,27,1,20178.53,38.65
4074,1662,464,5,5001.41,37.26
1319,549,224,6,28187.85,0.41
52,21,544,4,29809.57,24.5
901,374,319,6,13116.8,5.17
4212,1719,405,1,7207.62,21.69
903,375,149,2,5572.35,12.23
4827,1967,195,3,14954.47,28.34
1537,630,72,2,6712.0,1.18
401,170,255,2,22428.52,8.56
4567,1857,447,6,11001.16,22.32
3801,1553,539,5,13075.07,0.12
3253,1335,153,2,21795.48,28.44
4189,1708,69,5,27562.51,38.71
1273,529,237,1,28980.95,10.78
4004,1637,541,3,4998.12,11.65
762,317,124,5,24909.97,8.0
4707,1916,419,5,24468.0,38.56
4049,1653,545,6,25703.17,30.73
2507,1021,164,5,24808.35,27.99
2808,1144,352,3,9001.77,18.08
999,411,349,4,607.16,36.24
989,407,293,5,9547.49,2.5
623,255,346,2,1908.22,34.48
4377,1784,113,6,28994.64,12.55
3600,1473,64,5,25012.69,10.37
4791,1953,148,3,15892.26,5.08
2129,869,324,2,4131.17,19.61
1775,730,74,2,28923.11,1.5
2935,1195,504,1,19108.62,6.48
1383,573,106,4,7652.67,30.9
2846,1162,40,1,25465.47,10.11
3461,1410,171,4,13079.41,9.58
1233,507,475,4,10393.43,6.35
1965,801,418,4,23382.54,5.68
4880,1988,270,3,9866.59,28.16
2634,1069,345,2,9886.46,16.17
3815,1558,524,6,28086.42,35.93
571,236,200,3,26004.0,23.55
3346,1366,343,5,22268.36,15.4
4655,1893,309,1,16656.55,5.51
1486,612,373,2,4222.25,15.37
1618,660,459,1,16610.46,32.4
3694,1507,87,6,13741.72,28.97
3435,1401,65,3,28458.22,27.74
1517,623,446,6,25443.61,16.18
1891,773,7,3,29176.73,28.92
1246,514,222,1,5901.14,35.48
1551,635,323,5,17627.32,4.18
1858,763,60,3,14180.85,35.85
4668,1899,386,1,1622.8,23.18
1524,626,248,2,24539.65,27.61
4915,3074,489,1,2444.25,13.32
3455,1408,461,5,22702.04,30.92
3083,1264,309,5,20995.64,34.13
5,2,404,2,9157.02,38.14
333,136,336,2,21895.08,14.64
7,2,156,4,7728.92,36.64
1115,463,85,5,29999.25,15.54
4222,1722,220,5,3095.92,2.67
1108,459,299,6,12158.85,9.57
3443,1404,515,4,1619.37,8.04
1364,564,121,6,7944.62,34.26
4745,1933,248,4,10848.33,25.54
40,17,245,6,12355.43,37.19
1542,631,454,1,10909.04,9.52
3411,1392,161,4,20386.89,30.59
1881,770,164,2,24084.87,11.52
1649,675,485,5,839.72,30.45
1672,685,471,1,11388.86,16.62
4156,1698,296,6,15134.85,36.86
3480,1419,491,6,19210.51,37.63
1760,719,107,-4,8559.48,26.18
1697,693,383,5,3087.17,27.87
1529,627,450,4,18696.29,28.36
1138,472,180,2,3901.85,29.4
3296,1351,421,3,211.58,38.68
432,184,370,5,14811.79,7.98
3217,1319,201,1,10779.6,34.99
1455,599,495,6,19756.56,34.56
1954,797,371,6,20185.68,16.85
78,30,195,5,23226.56,29.91
3453,1408,532,2,29829.06,2.51
3072,1259,439,5,4231.83,3.38
1780,734,417,5,10397.38,6.69
2177,888,180,1,5317.54,19.21
2675,1089,253,4,858.06,2.14
368,153,187,6,3715.8,18.75
785,327,19,3,29294.19,26.67
126,51,290,3,22756.33,26.74
486,204,65,1,6512.11,33.19
3754,1533,524,2,16435.47,5.04
2907,1186,228,2,10773.28,23.07
1432,590,136,1,16250.37,25.78
3128,1281,154,5,20944.85,6.37
4419,1801,46,6,18648.6,15.63
450,189,300,1,11521.92,3.98
2761,1126,446,5,28705.39,1.21
1313,546,87,5,11184.99,8.03
241,100,339,5,736.07,20.02
1822,751,45,1,4402.66,16.57
2651,1077,95,5,22356.28,33.23
23,10,406,5,12960.16,9.4
2995,1221,208,1,23260.84,5.66
3714,1514,280,2,3869.88,11.69
3355,1370,547,3,17452.34,7.46
3212,1316,186,4,22245.63,28.83
2727,1113,440,6,13106.69,4.52
3177,1301,311,6,2808.07,21.15
3244,1330,510,6,20546.09,1.79
1454,599,35,6,23459.34,14.29
305,125,463,6,13790.77,32.41
2724,1112,267,5,17073.35,33.83
1830,754,130,3,9996.72,9.86
2020,825,418,6,14931.53,1.99
578,238,231,-3,13465.93,12.96
2874,1173,179,3,20572.9,9.53
26,11,439,4,28037.79,31.74
1139,473,71,3,978.02,36.18
2265,926,424,3,25949.37,19.16
3905,1597,488,2,9368.54,37.07
3496,1427,360,5,2960.91,4.52
1077,444,27,4,13898.23,7.58
2593,1055,57,3,19819.96,20.04
721,299,512,3,12101.16,28.48
1575,644,331,3,10818.37,19.74
2943,1199,444,5,27767.25,33.37
2354,958,354,2,26785.64,1.64
4192,1710,435,4,11829.26,28.8
1293,539,8,3,14544.77,1.66
3650,1491,508,4,21724.11,22.06
2703,1101,371,3,25029.15,25.94
1539,631,155,2,14076.44,8.73
2313,946,391,3,29477.83,39.07
2432,988,405,3,14538.85,29.29
4552,1852,121,1,2408.89,10.36
4568,1857,161,2,11121.18,35.32
3881,1587,133,3,28034.72,12.26
2680,1092,285,-5,27665.22,10.72
1029,423,441,1,28673.23,18.01
4383,1787,430,4,3400.26,5.82
4152,1696,508,2,25533.4,1.72
4751,1935,243,1,11305.31,16.82
398,167,420,4,4275.09,4.61
790,329,496,2,18098.07,30.82
4073,1661,145,3,13916.59,15.8
1828,753,189,2,27038.53,6.96
1332,553,294,5,9298.81,30.86
1821,751,471,2,22708.77,14.85
4144,1694,380,2,4770.71,35.04
2689,1096,438,6,8264.08,19.81
3289,1349,223,4,27557.52,20.6
4641,1887,48,4,11204.66,37.36
2208,902,497,3,4157.86,28.48
846,350,111,2,397.83,0.88
1066,438,400,3,17272.65,8.19
2738,1116,201,5,29304.7,34.11
3126,1280,410,6,12305.02,37.23
1426,587,87,2,12133.28,1.17
315,129,370,4,18624.22,27.42
364,151,492,4,22430.12,14.53
797,331,71,3,23260.41,19.45
1300,542,177,1,8057.15,19.29
1949,795,537,2,23391.46,0.64
2503,1019,185,1,17743.74,5.2
2771,1130,102,6,5934.75,13.2
2112,862,401,4,12785.46,29.1
1619,660,458,5,7858.75,25.08
734,304,325,3,24306.84,18.11
3315,1356,420,2,11876.92,23.05
3086,1265,219,4,16092.77,18.87
2767,1128,29,1,19711.06,19.59
1176,484,425,1,3238.37,25.21
2040,833,5,3,792.47,7.4
2904,1184,149,4,3367.48,36.05
688,280,286,6,4037.2,29.97
3710,1513,507,1,23490.51,11.8
2358,959,65,1,4679.39,21.23
4464,1820,379,4,10683.15,28.62
1916,782,361,5,1357.68,25.57
4779,1947,361,4,246.94,10.17
699,287,481,3,18282.74,34.42
853,353,48,2,13807.73,37.86
4416,1800,406,6,7040.82,2.67
1570,643,4,5,13398.74,8.05
3069,1257,486,4,20761.72,6.91
884,367,29,6,21781.32,6.31
1356,562,483,6,27152.43,21.92
12,6,339,6,15848.6,26.71
2868,1171,525,2,20641.82,2.85
2516,1025,57,3,4035.08,18.66
4173,1702,210,4,24940.27,7.33
792,330,544,5,19497.58,16.81
1728,705,485,3,12189.16,23.26
2662,1082,129,2,19875.63,18.9
219,90,76,2,10122.22,16.73
3046,1249,410,2,10054.2,35.61
2101,858,185,2,15919.68,3.24
932,385,547,4,18387.9,14.16
1334,554,202,5,17220.72,17.95
3856,1576,461,4,24511.01,28.78
3473,1417,55,4,2023.22,20.59
495,208,67,5,7834.89,21.53
1438,592,35,6,11163.64,21.36
21,9,443,2,29352.92,13.35
4515,1836,67,1,10125.95,17.53
3914,1600,152,4,7348.37,27.87
2746,1119,171,6,19161.07,5.57
4455,1817,39,6,3259.27,9.44
3907,1597,439,1,20531.9,23.2
3518,1437,339,6,834.04,28.83
2502,1018,435,5,28821.5,21.77
2716,1107,219,1,29523.07,32.88
1261,522,429,6,10965.3,16.51
1738,708,151,3,17748.11,9.45
4799,1955,332,6,3191.66,27.64
3052,1251,385,1,18266.4,15.99
703,290,378,4,27231.59,18.42
4766,1941,491,1,12484.97,29.7
2967,1210,239,5,23624.45,34.95
3293,1350,462,2,29418.76,29.27
462,195,32,1,27849.46,35.77
584,240,122,4,20495.63,25.63
208,86,336,4,28826.12,34.34
2583,1051,523,1,23143.77,3.01
1478,609,123,1,12158.01,11.81
3928,1607,488,4,8582.22,14.79
1904,778,9,3,7670.52,36.69
4362,1780,53,2,3049.55,7.85
1733,707,506,5,3187.41,18.99
2525,1029,8,1,21698.77,22.62
261,109,343,1,2080.05,21.11
1569,642,455,5,23273.83,15.47
1350,560,464,4,5091.42,33.72
3287,1348,488,5,28446.1,39.84
1224,505,212,3,16499.85,36.83
4172,1702,60,3,18846.54,10.39
874,364,197,2,145.08,21.58
3417,1394,347,1,22889.99,20.5
3152,1292,545,4,16829.47,14.33
3553,1453,172,2,25973.09,36.06
4131,1688,395,4,3273.1,25.29
1827,753,185,3,24366.6,21.26
4075,1662,70,3,25160.61,5.46
290,119,505,6,21603.57,17.15
839,346,391,5,4674.42,32.19
791,329,136,4,20281.01,1.13
918,379,209,2,12284.52,29.88
4625,1880,453,2,19161.53,22.14
2633,1069,368,1,23973.57,6.27
1480,610,482,-6,14374.47,10.91
405,171,93,-3,16795.76,15.79
2024,826,429,3,15471.99,26.65
4877,1987,36,5,16507.12,26.46
1829,754,525,1,8289.81,18.17
1164,480,295,5,15130.44,7.15
1973,804,206,1,1840.55,28.9
4488,1828,229,3,8399.43,39.76
1285,536,546,3,4209.11,2.44
2365,961,525,3,11923.18,17.83
2964,1207,229,5,26781.95,39.32
2472,1005,95,3,25707.73,33.81
4648,1889,369,4,1489.3,0.85
429,182,32,6,10347.3,2.43
3631,1484,260,2,12774.96,31.99
1718,703,291,3,9197.95,20.02
3123,1279,151,6,14003.03,29.79
74,28,257,-6,27425.01,32.18
3783,1545,137,6,28905.36,24.32
3374,1375,188,4,22839.74,1.16
3397,1384,134,5,19786.05,16.09
679,276,84,6,9457.13,29.98
2160,880,411,5,26332.61,8.63
4258,1736,523,2,14210.52,13.93
2330,951,523,5,16101.82,11.92
2942,1198,535,2,2373.19,6.85
1853,762,480,4,16080.79,3.02
1485,612,255,3,17328.92,36.91
4496,1830,481,6,18664.09,13.83
920,380,182,4,7510.18,22.09
3351,1368,280,6,15774.13,15.93
4813,1960,368,2,9893.75,31.51
2402,977,499,2,20246.82,14.24
3388,1380,299,3,14428.34,20.56
441,187,103,3,18842.45,1.0
1097,453,61,1,8150.1,18.25
1136,472,271,4,1708.08,5.11
4463,1819,153,1,2463.15,33.74
3819,1559,461,5,9579.23,18.18
2127,868,492,3,15822.03,29.16
3997,1635,422,6,17974.3,7.18
2318,947,82,5,6508.14,0.67
4746,1933,375,-6,24964.22,13.45
800,332,476,4,16388.19,30.5
4626,1880,472,6,15230.02,20.03
3094,1268,106,5,7309.41,30.33
2413,981,26,5,25509.04,7.26
3248,1332,536,5,11775.32,2.5
782,326,338,4,17130.31,26.82
3887,1589,321,6,25929.85,33.47
2869,1171,387,3,902.69,13.66
668,273,468,3,29881.07,22.26
4165,1700,225,2,12518.25,7.52
2718,1109,30,2,7927.77,4.65
3381,1377,511,4,13432.24,13.38
3704,1510,202,4,8445.24,2.21
2119,864,237,-1,16284.38,19.46
3201,1311,365,3,2937.18,32.52
1807,745,18,-1,9073.05,24.88
990,408,126,4,12316.95,33.27
2625,1066,38,6,27560.24,33.72
3042,1248,149,2,1072.99,27.79
2546,1035,429,1,21657.75,22.7
4469,1821,395,2,21222.63,22.54
1972,803,241,3,25365.97,36.38
3923,1605,408,6,9642.29,18.47
2012,822,353,2,4945.32,34.04
3243,1329,423,4,3835.59,14.78
3079,1261,286,6,14643.76,3.64
216,89,112,5,7017.35,21.2
3268,1341,335,1,14031.64,21.06
2484,1010,468,4,14104.78,30.27
2032,829,346,5,811.0,28.96
3861,1578,542,2,15088.25,39.84
627,257,416,2,9992.36,2.12
4268,1741,489,3,2932.87,29.8
1371,566,209,2,13780.48,36.58
3593,1470,39,2,11146.0,2.13
533,221,396,5,16667.82,38.95
829,343,483,1,12964.3,32.25
4167,1701,405,5,17844.42,3.26
3945,1612,226,4,17751.09,5.71
1046,431,178,2,22929.59,11.13
735,305,226,6,6857.56,38.44
1658,679,356,6,16172.57,23.32
1818,750,1,4,12954.77,25.51
760,316,359,1,2839.98,1.96
3105,1272,543,2,23079.23,0.05
2740,1117,463,3,2297.36,19.18
1577,646,537,4,23628.21,16.6
3437,1402,58,3,10999.66,22.23
1648,675,274,3,8828.48,16.48
2616,1063,516,1,19709.05,8.38
82,31,382,6,22517.01,0.3
4141,1693,69,6,17560.91,12.54
2644,1075,160,1,23997.42,10.38
1520,625,406,5,11290.23,18.75
2547,1035,10,5,21000.15,19.32
103,42,505,5,12948.72,24.53
4574,1859,318,6,12429.57,27.04
116,48,444,4,23463.65,33.35
1516,623,82,6,19153.03,21.26
239,100,468,1,8936.87,21.41
1998,815,139,3,14350.97,18.59
4103,1675,146,1,19976.73,13.58
1867,766,156,5,745.05,1.16
4572,1858,540,5,11299.47,35.75
1903,777,416,4,19180.31,27.89
891,370,45,3,25564.86,8.98
4327,1766,176,5,816.95,9.76
2070,844,88,5,6173.39,11.97
4497,1830,228,2,22434.55,11.3
3942,1611,203,4,6972.58,15.86
4825,1966,532,3,26768.4,4.93
1049,432,503,1,26659.15,0.85
1309,545,404,2,13357.18,5.38
4713,1918,99,-5,12000.59,11.18
4087,1668,393,4,25652.38,16.77
4651,1890,416,-4,20166.4,17.12
4273,1743,323,6,26805.33,31.49
624,255,446,1,13489.36,23.53
2611,1062,82,3,7976.72,1.41
4687,1907,197,4,11826.09,13.01
3251,1334,90,2,15499.56,14.86
748,309,377,3,19782.73,1.83
4771,1942,357,2,3748.47,21.08
413,175,266,1,23377.78,1.03
4894,1992,146,3,4123.08,17.74
301,124,39,3,28546.86,27.67
3810,1555,232,6,22986.45,12.96
2143,874,58,2,4983.93,14.29
640,262,188,3,19674.82,27.46
3779,1544,366,2,27968.6,39.09
2983,1216,377,4,17482.84,35.92
4126,1686,211,2,16166.95,29.26
858,356,109,5,18061.53,34.49
3258,1336,202,6,14020.73,33.38
3041,1248,501,2,16921.51,25.4
85,33,123,5,23605.77,25.52
4457,1817,23,2,2345.08,36.5
1336,554,231,4,4190.78,22.38
4588,1866,251,3,1603.33,38.55
4483,1825,353,3,14161.95,22.44
4890,1991,14,1,1218.56,11.72
4509,1834,182,5,4010.99,25.56
1843,759,221,1,17632.45,20.0
3803,1553,287,1,27989.38,1.88
978,401,515,3,18486.94,17.95
1198,493,536,3,4780.57,33.94
2657,1080,161,3,13403.53,23.49
3575,1461,442,3,341.44,9.77
1347,559,398,2,27746.03,36.05
2421,984,271,6,11388.52,14.89
3957,1617,170,5,5612.43,15.21
3911,1599,339,5,8711.84,17.86
292,121,415,5,4481.67,31.7
3731,1524,339,2,9524.55,35.01
3920,1602,216,2,16946.47,31.78
1698,694,250,1,17510.68,12.98
83,31,323,4,25306.37,23.79
2106,860,514,5,4326.86,17.03
110,45,224,3,17279.78,26.07
2834,1157,28,3,8570.17,22.3
3924,1605,49,6,26486.8,17.84
2936,1196,468,3,25861.17,31.99
229,96,497,4,19360.11,5.7
1128,469,2,2,11793.35,1.35
4431,1808,123,1,29787.81,13.91
4301,1753,376,1,5261.31,21.6
1175,484,110,6,3057.15,32.91
914,378,428,5,23372.77,30.69
3157,1293,296,1,16930.18,12.82
4661,1895,372,3,27497.5,3.89
4442,1812,434,6,6001.06,10.75
480,203,105,4,29438.67,14.22
1435,590,155,1,7082.61,33.27
1552,635,223,5,17164.91,19.38
1437,592,411,2,17094.71,39.07
2780,1132,42,2,13409.75,21.26
1084,448,231,3,23616.9,36.1
937,387,312,1,17265.42,15.85
1070,440,37,2,15822.63,3.97
4267,1740,350,4,27710.52,11.27
2166,882,445,3,531.04,35.66
3142,1288,162,4,9763.94,28.53
1482,611,202,1,1999.35,15.62
4530,1842,354,1,17631.08,6.21
4339,1770,65,2,8930.86,2.17
2347,956,221,3,18046.05,19.18
3317,1357,375,5,23670.56,17.01
4808,1959,437,5,4771.48,38.05
1490,613,9,3,21954.93,35.48
2635,1070,170,2,3976.21,35.87
1403,580,373,-2,16584.46,10.65
8,3,68,2,8038.68,19.31
293,121,374,1,4394.52,26.36
2426,986,103,6,13392.32,38.05
4446,1813,110,3,3333.4,23.31
1165,481,541,5,24060.99,21.47
738,305,378,6,2862.1,37.3
3140,1287,366,3,24976.76,5.76
3873,1583,198,4,28098.44,13.86
4622,1878,152,4,13514.31,6.33
1925,785,329,1,29373.32,8.3
4560,1854,394,5,27920.4,13.03
1429,589,313,6,6882.18,1.35
2073,846,329,1,20531.27,4.59
3895,1592,15,2,14886.03,12.53
3837,1567,26,4,11382.08,33.26
4742,1932,412,3,8121.14,21.84
2060,839,345,1,14872.75,2.37
4885,1989,511,3,17942.9,9.71
4240,1728,462,2,28151.72,10.31
4815,1961,544,3,4684.24,15.93
1064,438,102,6,4411.53,11.08
4263,1738,455,3,8167.5,14.3
1554,636,36,5,26673.45,32.55
271,113,24,4,20271.51,10.51
4402,1796,496,1,25201.28,12.9
3954,1616,5,6,19050.1,8.41
3983,1629,302,3,7789.64,8.75
677,276,5,6,2924.45,4.26
2081,849,355,5,25230.58,3.24
2514,1024,501,3,28418.75,2.67
712,293,104,6,15445.82,35.45
3223,1322,145,1,23798.93,0.24
1195,492,92,3,3551.66,16.26
2290,936,57,4,2552.82,24.72
3608,1475,402,3,468.76,20.72
2345,955,336,5,19215.11,6.9
2444,994,118,6,13573.79,2.12
3623,1481,427,3,20846.08,23.07
90,34,24,1,9899.84,28.47
306,125,37,6,2840.8,36.95
3944,1612,59,2,14208.74,21.8
2572,1045,524,1,7463.57,37.37
4556,1853,253,5,27937.19,19.31
1680,687,217,2,10578.81,18.32
42,17,161,4,2075.05,1.26
4727,1926,363,2,12737.29,15.83
421,180,378,4,9316.95,2.6
1212,501,446,6,11157.37,11.21
3556,1455,46,1,3264.64,18.68
3955,1616,419,5,20500.07,14.24
865,358,134,1,1509.67,21.24
2089,852,150,2,16296.94,3.85
4559,1854,38,4,5546.19,23.51
4638,1886,221,1,7898.05,36.85
3224,1322,126,4,23301.62,37.66
616,252,535,4,16704.45,8.53
1970,803,287,2,14915.67,4.58
2541,1033,474,5,18147.68,34.68
1123,467,31,4,28309.14,24.29
2947,1200,82,6,20267.9,32.58
4741,1932,502,3,19262.43,20.23
3132,1283,8,5,9434.6,26.2
3254,1335,7,5,4491.83,35.13
2607,1061,290,1,6775.96,28.98
1073,441,344,2,24097.37,28.86
4404,1797,471,1,5931.68,16.05
3577,1462,334,4,14898.96,19.3
1936,790,437,1,232.1,21.77
1209,499,505,3,4106.19,23.69
221,91,134,5,28225.96,1.71
2898,1183,309,5,24018.16,20.84
1157,478,315,1,12636.36,29.56
2997,1223,173,6,26353.79,11.43
3282,1346,126,6,6880.77,32.75
4024,1644,409,-6,14569.78,22.73
2044,834,103,1,19738.93,23.04
1756,718,430,4,6233.04,27.43
3960,1617,423,5,18211.58,6.63
1871,767,214,2,22673.48,21.41
2782,1134,483,1,13009.82,31.97
1414,583,542,4,2303.34,14.91
1267,526,158,3,24180.28,13.76
2877,1174,451,1,3643.15,0.05
2430,987,274,1,3427.63,17.72
596,244,525,5,1696.5,28.29
4117,1683,430,6,12953.57,26.6
3178,1301,515,2,8275.82,32.61
934,385,167,3,18110.08,26.85
4176,1703,11,1,6193.61,4.32
4753,1936,93,5,29670.61,36.74
3893,1591,362,1,8709.67,29.27
2636,1071,40,3,14096.12,34.12
1208,499,114,2,2383.16,17.96
4780,1947,126,6,2813.77,19.72
4650,1889,479,6,22905.49,23.19
4584,1863,455,4,17264.86,38.96
2028,828,247,-2,19923.56,18.43
2471,1004,311,6,13219.79,32.08
549,227,527,1,10425.68,6.89
4608,1873,419,2,22207.59,18.77
3643,1488,524,5,11501.67,7.67
2699,1099,548,6,565.71,37.55
84,32,140,4,29884.46,29.04
947,390,297,5,1930.08,33.59
2985,1216,377,1,9793.88,25.94
1122,466,71,3,22902.91,11.11
1636,669,231,2,20746.46,0.53
3558,1455,124,5,3478.87,29.08
204,83,97,6,15833.72,28.85
936,386,456,3,4367.31,24.69
4807,1959,255,4,14386.68,3.75
675,275,7,2,21042.68,6.73
3214,1316,76,4,20245.85,6.72
3022,1239,508,4,21130.34,14.32
4373,1783,399,3,28379.66,9.32
3234,1326,442,2,5796.98,30.44
4329,1766,445,4,16272.56,9.36
3450,1406,178,1,8622.56,1.32
1411,582,463,4,11146.22,37.56
4847,1975,492,5,6833.22,39.5
286,118,176,5,22062.98,19.65
2965,1208,301,1,14352.62,22.32
1067,439,383,1,25275.26,31.74
244,101,57,4,786.52,22.32
768,319,222,6,4334.87,6.46
3027,1241,193,5,25805.44,8.23
2310,945,447,4,7861.6,1.41
3595,1470,394,2,28230.14,36.34
2022,826,260,3,9976.16,2.62
2298,939,89,-6,10423.35,9.22
3375,1376,541,4,22710.9,2.42
2456,998,126,1,22058.7,12.17
1472,607,443,4,21623.04,24.2
1407,581,44,3,20982.2,17.0
2042,834,272,6,20567.94,32.97
2954,1202,495,4,24951.74,17.51
4920,5341,458,2,2263.55,16.13
2251,920,410,6,23481.01,15.34
3549,1451,395,5,28769.56,4.21
788,329,414,4,19453.26,16.24
1444,595,494,6,25527.56,3.88
4296,1752,412,-2,27146.91,6.34
2872,1172,412,4,14211.31,34.8
1532,628,67,4,6915.8,31.94
2083,850,182,1,19421.44,29.7
3792,1549,282,1,15564.11,2.07
61,24,427,1,28582.66,31.79
1685,689,498,6,25539.16,10.51
335,137,437,4,1469.19,38.39
326,133,401,3,28553.69,19.59
1079,446,43,6,26549.53,26.2
3989,1631,207,3,17080.26,4.56
2009,821,19,1,26327.94,13.6
3407,1391,305,5,13503.8,36.61
1166,482,415,3,646.77,33.87
3748,1531,324,1,21510.54,20.34
3672,1501,27,1,27840.6,3.82
250,105,146,6,13081.03,1.2
1459,601,329,4,21577.57,24.77
2810,1145,256,3,27596.14,8.37
4309,1757,242,2,12216.25,24.35
1766,724,160,1,6004.71,17.02
575,237,21,6,13042.24,35.88
1387,575,33,5,25998.44,34.36
3851,1575,280,5,23438.93,16.8
2751,1122,66,5,772.92,11.8
4423,1804,443,4,12237.75,12.92
1256,520,306,5,1879.04,33.22
2648,1076,546,1,11469.75,15.23
2357,959,212,4,25591.72,11.96
1271,528,252,2,8906.84,9.85
4735,1929,292,4,24777.21,35.71
1054,433,525,2,6512.03,11.36
3232,1326,81,3,18598.02,0.64
1723,704,370,2,24928.29,14.25
1878,769,324,3,24253.18,9.96
605,248,533,6,24523.13,7.31
722,299,275,6,27054.48,25.43
4871,1985,47,4,2985.36,7.3
3811,1555,48,6,7851.59,16.05
92,35,271,3,3799.44,23.06
138,55,461,2,27714.66,24.47
1465,603,392,4,23038.69,29.54
602,246,420,3,13834.81,8.45
4139,1692,271,5,16824.25,35.76
4,1,148,2,5970.39,24.67
3525,1439,460,1,4487.0,31.45
2741,1117,222,4,13735.88,8.74
875,364,201,2,8903.39,17.71
4652,1891,89,3,18927.62,38.77
2027,827,427,4,29361.26,33.19
3334,1363,372,5,3196.39,33.77
484,204,141,3,4625.03,39.5
270,112,165,5,18093.77,30.76
3077,1261,327,5,9460.03,4.7
1655,678,214,6,16991.55,3.55
4836,1971,303,6,14708.05,18.41
2781,1133,244,1,28918.84,32.09
2180,889,257,1,18790.86,21.67
2570,1045,188,6,15450.19,22.32
243,101,229,3,23310.44,17.19
4146,1695,71,5,22886.56,23.96
3070,1257,499,5,19856.92,13.42
4809,1959,248,1,25267.8,19.35
4506,1833,474,3,18813.04,35.38
2333,951,276,6,9831.07,22.99
1638,670,103,3,19000.56,27.25
3171,1298,203,4,12503.53,36.61
3363,1372,438,3,29934.35,38.16
1530,627,230,6,10210.62,5.63
1626,663,409,6,3524.04,25.26
1687,690,3,2,10102.22,2.54
447,188,305,6,24669.18,37.17
4570,1857,448,-2,20040.27,30.71
3972,1622,3,1,26312.07,6.4
3170,1297,94,4,23869.29,31.48
4501,1831,50,2,19785.24,20.85
232,96,459,2,7199.03,34.51
809,335,474,4,12854.34,9.39
3967,1620,369,1,12874.6,28.29
2812,1146,474,5,17211.82,17.17
1875,768,32,4,4993.66,17.12
2075,847,463,2,15326.09,33.67
2338,953,540,4,29484.53,6.26
2253,920,378,4,18051.93,15.0
2764,1127,212,1,8425.6,10.11
2725,1112,170,2,27219.22,16.58
1393,577,3,4,20594.15,28.77
535,222,239,5,7671.21,31.88
4848,1976,191,2,1717.13,0.26
4396,1794,181,6,19885.52,13.21
741,306,274,6,20393.51,1.94
1290,538,268,4,3892.81,27.7
4562,1855,108,2,11793.74,22.88
4591,1866,438,2,8163.47,37.98
4364,1780,69,2,14675.79,35.46
3295,1351,509,-3,638.16,16.11
641,263,451,6,10259.55,17.52
2830,1155,281,4,3423.6,6.4
2666,1084,235,4,29966.48,11.56
3111,1274,504,6,13263.72,16.37
1222,504,460,4,4169.59,17.81
3760,1535,228,2,22320.88,18.75
2011,822,282,2,29074.27,16.06
3012,1233,162,2,17211.15,27.04
2681,1093,89,3,17798.35,17.91
534,222,378,3,5327.37,5.12
1639,670,326,4,1078.76,5.08
3508,1432,59,2,9491.16,0.31
2126,867,117,4,23203.03,37.84
1944,793,54,3,14554.51,32.87
394,165,59,5,27358.47,23.06
4211,1719,328,4,24282.75,16.37
159,64,491,4,17461.8,29.5
1019,421,125,1,23639.22,3.19
2951,1202,140,4,21102.46,31.11
1274,530,93,2,1820.21,31.2
1392,576,189,6,18977.24,3.55
3621,1480,151,4,23998.77,4.98
1324,551,205,6,10534.08,36.0
2429,987,77,3,7390.52,9.72
3788,1547,488,2,887.73,7.26
3419,1395,140,6,12275.93,11.62
4238,1727,324,5,23080.14,0.52
1607,656,173,4,19320.47,28.9
1761,720,26,1,19719.1,36.91
436,185,124,-5,6049.05,26.84
2447,995,284,2,10030.2,9.86
3814,1557,387,4,1102.02,22.24
4111,1680,511,5,13519.82,20.85
343,141,453,3,5110.94,19.71
2321,948,76,5,3748.85,18.38
4806,1958,314,4,8097.19,8.92
3208,1314,44,5,25802.19,32.33
2478,1008,171,4,6381.64,20.28
1167,482,104,1,4913.84,35.13
4355,1777,6,4,11873.37,29.18
1778,732,78,6,27610.43,8.71
3275,1343,221,6,16707.82,24.17
2399,976,101,4,4767.26,29.97
149,59,443,2,25025.23,6.36
3392,1383,274,1,19803.77,36.04
3669,1500,223,1,18229.13,38.16
3530,1442,364,5,28560.01,9.47
1169,482,191,2,3642.07,16.06
1690,691,308,4,28705.39,2.64
1753,715,114,1,11749.92,6.79
4387,1789,415,1,8836.88,28.76
4601,1869,162,1,15276.92,20.61
317,131,384,3,28033.5,15.73
2990,1218,465,6,19392.61,20.02
4891,1992,261,3,13912.66,21.14
129,53,199,2,9259.51,30.57
1634,669,48,2,1422.74,19.63
4858,1979,530,3,27921.36,29.17
3952,1615,449,5,9173.1,17.24
1498,618,303,6,24358.48,39.26
2568,1044,275,5,5973.94,38.24
950,390,43,3,20036.04,21.63
4634,1885,230,4,24445.24,30.84
597,245,376,3,3246.55,22.14
4318,1761,38,4,23246.71,29.9
660,270,401,2,13835.42,10.19
2375,966,421,5,4311.83,0.11
3163,1295,191,2,6214.7,36.72
3410,1392,336,2,3238.84,34.32
1251,517,228,5,11991.19,37.19
3691,1506,468,6,4906.03,11.11
325,133,379,1,29743.74,20.18
2670,1087,84,1,18116.56,25.76
2010,821,14,1,11803.61,25.02
823,341,294,6,12442.68,13.47
1279,533,459,3,23925.21,23.44
2292,938,96,1,22637.29,33.61
213,87,123,6,27508.5,35.29
2272,928,78,2,16664.62,15.0
4860,1980,349,5,10687.79,18.58
1101,456,542,2,28862.24,25.01
2037,831,146,5,19084.59,36.88
4009,1639,87,4,13311.79,18.18
1645,673,333,6,24592.15,31.06
1477,609,49,3,12040.29,7.46
929,384,430,5,19333.22,21.64
248,103,371,6,28506.95,5.54
356,146,300,6,22432.31,5.19
4448,1814,258,2,23748.72,12.08
1689,690,409,4,16050.01,21.44
2307,944,14,4,25431.23,35.46
765,318,92,4,25270.25,17.39
4905,1997,300,3,12640.67,14.62
4138,1691,212,4,3438.53,14.97
2053,837,426,4,13323.63,15.41
4613,1875,123,5,102.79,19.6
1734,707,161,6,19381.35,37.36
1036,427,387,3,24528.31,27.32
2650,1077,7,4,7984.46,37.23
4677,1903,501,3,16705.65,25.23
636,260,240,3,27971.81,27.95
565,233,3,1,15708.44,18.45
1599,653,144,3,18354.67,34.84
2150,876,261,4,26951.11,36.18
3818,1558,155,4,2840.28,17.9
3075,1259,425,6,26649.18,28.74
2730,1114,512,4,10084.92,28.1
4231,1725,350,3,26838.54,26.15
4472,1822,395,3,5671.84,3.95
4083,1665,42,3,18196.8,29.19
3292,1350,271,5,26406.9,0.55
3624,1481,321,2,21607.76,22.39
2524,1028,275,6,10333.0,28.15
970,397,238,5,282.59,33.22
4440,1811,466,2,26062.23,32.29
4642,1887,365,4,22076.89,30.14
2202,899,334,1,2389.55,29.12
2749,1121,452,2,29449.54,30.5
1668,684,129,5,19966.69,39.88
2282,932,202,2,26491.35,14.25
956,392,397,3,7905.67,22.61
2938,1196,504,5,16772.26,19.53
1796,740,173,2,3428.49,14.05
671,274,247,4,26480.93,31.89
4852,1977,237,5,6777.63,8.35
4563,1855,483,3,4782.46,9.99
4616,1876,481,4,19272.66,20.62
1065,438,477,1,22087.82,18.99
4453,1816,35,5,3457.95,28.87
1288,537,143,1,3241.52,9.51
406,172,346,1,9866.51,5.39
97,39,489,1,10897.73,21.68
2729,1114,264,1,15640.14,12.82
1776,730,512,3,3424.84,39.43
179,72,524,2,11150.03,1.96
1112,462,507,2,22290.72,23.28
4739,1930,465,6,28925.72,13.12
1935,789,63,2,26256.16,14.82
1721,703,56,6,28527.59,9.9
2944,1199,280,4,21471.06,21.04
3736,1527,317,3,25951.82,31.37
664,272,365,-2,22952.73,21.64
1898,776,533,4,3473.43,39.54
225,93,198,1,6175.15,15.62
2487,1011,72,6,1749.71,17.51
2346,956,149,2,22803.8,31.68
732,303,293,1,28614.34,26.03
2500,1017,332,2,12364.89,39.73
715,296,390,3,16835.2,32.2
1862,764,490,6,27828.09,0.96
1647,675,55,2,29208.33,32.17
1729,705,380,2,13301.79,39.7
3229,1325,514,1,4037.92,37.79
2303,941,91,3,27038.93,32.46
1369,565,522,5,29856.37,32.66
1078,445,463,2,3363.8,21.62
614,251,496,3,24916.32,26.15
1232,507,330,4,22128.69,20.01
4755,1937,393,1,6291.32,39.59
2720,1110,424,4,547.02,9.75
4525,1840,408,4,20948.86,26.83
4520,1838,476,5,14412.85,25.08
513,214,442,4,9873.55,17.43
3791,1549,234,1,18407.79,39.56
4629,1883,448,5,18614.49,14.84
1751,715,472,1,13599.79,26.89
3451,1407,244,6,17162.85,9.72
1297,541,444,3,15640.98,25.46
2713,1107,251,6,25696.74,37.55
2094,855,79,6,3734.6,31.19
1990,810,522,4,26105.02,5.01
4701,1914,129,4,21657.93,17.56
2517,1026,101,3,20460.28,22.85
2458,998,339,3,19080.1,28.26
479,202,464,5,2036.32,0.46
569,234,241,5,9647.81,9.76
4770,1942,508,6,18582.3,33.44
1665,683,102,2,9065.57,10.94
1206,498,266,2,24625.86,23.41
1840,758,182,1,7298.06,7.04
1812,746,229,1,22704.66,19.91
1361,563,312,6,20921.63,27.74
471,199,489,6,8087.32,23.55
3130,1282,510,6,10176.86,23.19
4539,1847,510,6,4631.67,33.79
4184,1707,456,3,29610.05,8.28
1643,672,495,1,21076.66,30.1
2929,1193,122,1,12346.73,32.13
1124,467,257,3,21151.2,34.53
2134,870,97,2,29433.99,14.66
1805,744,448,3,21036.25,26.6
58,23,235,6,7698.84,10.61
3379,1377,373,5,15675.43,11.9
1266,526,178,1,7415.89,2.69
2163,881,185,3,5232.36,6.83
132,53,333,1,10770.73,30.36
553,228,110,1,19562.24,36.41
1781,735,180,6,9425.45,3.0
4227,1724,3,3,25727.75,19.62
1957,799,156,-4,15167.19,5.38
2526,1029,509,5,29265.39,26.77
3540,1446,461,1,24581.39,16.43
2660,1082,516,4,2169.35,7.92
4762,1939,6,3,13285.18,32.34
160,65,55,5,26286.39,31.96
3307,1354,94,1,19768.93,39.26
2959,1205,219,3,21200.99,18.79
926,383,172,1,28036.54,20.91
3795,1550,484,2,16867.17,25.13
652,267,499,5,490.14,0.77
3836,1567,452,1,24057.92,17.05
2035,830,53,4,5249.24,39.43
456,192,27,2,15515.58,32.79
3933,1608,421,6,3720.51,12.5
805,334,279,5,5675.5,18.58
1009,415,307,3,24345.47,31.6
1033,426,521,2,5533.15,1.13
2960,1205,63,2,6696.73,25.44
1129,469,355,5,14956.73,27.55
2467,1003,239,1,14225.33,9.45
2434,990,477,4,18150.63,0.1
1969,803,18,3,820.22,30.63
1107,458,224,1,643.39,20.76
564,233,125,1,545.59,9.2
1589,650,488,5,25354.55,32.85
4459,1818,518,1,20594.11,29.09
2739,1117,355,1,19340.61,5.84
1958,799,358,5,6347.15,10.47
3444,1404,486,1,9955.91,18.86
490,206,329,5,12078.19,31.19
4357,1778,2,2,17866.94,20.04
3353,1369,358,3,28261.29,30.91
4749,1935,149,1,2426.31,9.08
319,131,191,6,28554.03,27.34
4680,1904,177,4,24826.66,10.6
821,340,457,2,5282.78,34.42
1801,743,119,2,23474.48,28.18
3007,1229,191,4,24599.66,4.64
4487,1827,137,6,22776.17,11.45
963,394,384,2,1254.72,5.67
404,170,309,5,22954.37,11.28
2608,1061,30,5,23082.53,24.15
2214,904,256,5,17231.81,30.35
1994,812,446,4,20764.78,0.45
4155,1698,275,3,25306.65,19.51
3222,1322,50,3,10379.02,3.56
1367,565,72,4,17378.62,38.49
329,134,123,6,24747.42,2.98
3668,1500,325,5,22746.86,19.92
4034,1648,516,4,5943.9,24.26
95,38,320,4,10064.67,29.64
2034,830,545,3,5039.03,32.91
3846,1572,257,1,18170.43,20.02
2155,878,482,5,19878.18,13.51
3582,1464,390,5,11257.48,25.75
3592,1469,315,5,2419.16,3.57
4692,1909,203,2,12964.25,6.1
1714,699,29,1,22200.89,30.3
520,216,356,2,373.77,37.28
438,185,451,3,26700.13,17.47
4784,1950,326,4,10793.92,33.54
4914,2000,297,5,24036.47,19.77
4715,1920,513,5,22154.33,24.58
2892,1180,170,1,12193.46,4.52
1370,566,503,1,12618.52,12.91
3179,1301,364,1,12157.97,12.76
2632,1068,278,4,4662.86,24.77
709,292,133,2,13071.81,33.36
2147,875,158,2,23338.15,35.68
1824,752,144,3,712.82,11.21
867,360,76,4,25902.32,19.39
2879,1175,106,6,14191.74,11.41
3449,1406,202,5,3330.0,33.65
4174,1703,81,4,7128.31,37.65
4644,1887,453,4,4012.07,39.09
4628,1882,374,2,10228.08,25.07
4586,1864,441,2,18522.34,2.97
3775,1543,345,6,2514.99,22.1
3938,1609,235,6,22344.27,6.14
2623,1066,298,3,19779.71,39.87
912,377,48,3,8177.57,35.45
1244,512,273,2,8132.26,33.15
2801,1142,362,2,22043.02,38.53
2603,1059,410,5,4893.33,19.15
1952,795,470,5,20867.27,5.09
2368,964,307,1,18160.06,6.61
3829,1563,350,4,25889.43,13.96
2482,1009,418,1,4053.28,16.39
2622,1065,13,1,19977.11,5.54
1312,545,292,6,21543.58,24.58
230,96,216,5,8782.98,38.53
1220,503,341,3,11893.37,21.12
1700,694,107,1,16500.25,21.95
4310,1758,512,3,18987.48,17.32
3063,1254,213,4,7029.45,14.71
1731,706,418,2,26432.81,23.06
2881,1175,454,5,21011.7,25.92
4782,1948,117,1,13612.85,21.29
4127,1687,197,6,19618.75,35.15
2817,1149,478,4,2908.19,36.85
3824,1562,353,1,25156.28,14.93
2745,1118,371,4,1058.99,37.91
288,118,249,1,5398.78,27.26
887,368,412,2,13951.84,28.81
4171,1702,419,6,17192.44,37.19
4417,1801,432,3,3870.71,16.74
4571,1858,229,2,4397.22,34.15
1585,648,275,2,15429.57,16.45
4105,1677,132,3,16970.53,12.8
2599,1057,213,1,29216.96,15.63
3016,1234,308,6,29716.3,36.45
1876,769,189,4,23811.18,8.81
2835,1158,255,-6,7774.43,14.79
4135,1690,256,1,8528.02,17.47
2209,902,271,2,13095.54,18.87
1304,543,362,6,28021.4,16.23
3855,1576,318,3,12080.08,36.83
3687,1505,88,4,23455.0,28.43
4748,1934,476,1,1720.93,7.53
1045,430,412,3,25830.85,26.37
789,329,536,4,5032.71,19.62
1011,415,401,5,5548.53,8.71
3987,1630,145,5,27192.8,33.75
3676,1502,47,2,29178.2,2.51
1113,462,545,5,22226.38,24.71
3270,1342,375,2,15865.29,20.43
4843,1974,234,2,16775.71,31.41
183,74,129,1,24079.61,37.13
2350,957,282,1,5976.4,12.0
2257,922,548,4,4751.42,10.14
1868,766,251,4,23209.98,9.83
2174,885,138,3,29704.54,27.38
3721,1518,219,6,7897.38,38.42
1055,434,461,1,2919.36,28.7
3940,1610,164,2,3923.67,3.7
2972,1211,449,-1,25485.55,35.65
3626,1482,223,1,24881.76,21.34
1417,584,189,2,16953.9,5.15
4919,5203,466,1,2174.93,16.93
3745,1530,380,5,10499.61,2.24
3799,1552,529,6,10588.31,18.41
2531,1031,518,2,3183.9,21.42
18,8,518,3,12055.54,22.66
2970,1210,192,6,25459.41,38.59
2289,936,417,5,17978.74,13.65
4857,1978,524,1,24352.66,22.59
869,362,364,2,22083.04,35.9
2176,887,28,6,11561.59,24.66
256,107,153,2,23217.03,33.99
4728,1926,384,1,6511.27,22.09
170,70,59,6,18185.64,28.77
506,211,391,6,3490.32,18.98
889,368,185,1,2372.33,26.53
35,15,485,4,15315.39,11.75
1814,748,228,6,27156.54,17.79
2477,1008,350,4,17001.7,18.24
1870,767,353,5,15115.92,15.2
3221,1321,21,5,19034.65,22.83
4475,1822,14,6,15169.58,23.06
2504,1020,256,1,1122.06,35.97
2728,1113,119,1,29135.69,8.83
414,176,56,4,18466.11,19.17
1170,483,541,-4,28384.45,19.87
2586,1053,71,5,14166.34,13.33
643,263,133,4,1580.57,14.15
550,227,261,3,28669.79,10.47
2445,994,71,6,16803.73,3.99
1842,759,406,2,24600.26,30.06
2776,1131,314,4,5313.27,13.59
308,126,192,1,13614.99,15.22
3180,1302,516,1,22432.5,2.31
2237,913,78,3,23019.27,26.07
1730,706,404,4,20041.01,13.52
96,39,71,1,17690.3,4.27
4754,1937,191,1,13099.89,39.45
1322,550,203,4,19323.13,31.7
1546,634,485,3,12898.03,16.81
1091,450,25,6,28445.76,33.09
2753,1123,441,2,9854.79,6.28
2230,910,508,3,28989.04,34.35
704,290,42,4,11880.64,6.12
1514,622,385,3,11024.47,3.88
670,274,434,3,1488.14,38.13
3546,1451,173,-5,27879.09,32.09
2978,1214,254,3,18774.17,12.82
1277,531,493,4,11213.69,6.4
193,77,42,4,29468.03,15.6
2409,979,424,4,26544.72,38.03
1993,812,471,4,4851.57,17.0
654,267,489,3,20894.01,9.67
3715,1514,510,1,16932.23,16.58
3585,1466,534,5,595.52,22.91
260,109,516,2,20082.62,32.57
3867,1580,252,2,2722.83,9.89
3720,1517,495,6,18061.51,32.43
2790,1137,90,-4,17142.61,35.69
2066,842,376,1,4428.11,7.03
3247,1332,350,6,1112.01,20.84
3497,1427,297,2,29405.35,32.87
1635,669,472,5,25881.34,31.32
3682,1504,22,3,158.13,0.48
3622,1481,469,6,18239.46,4.07
3175,1300,334,2,17220.74,26.37
1550,635,269,4,8553.46,17.91
57,23,229,4,26756.24,34.09
4528,1842,301,6,28762.28,16.94
1587,648,548,2,18300.53,34.91
4679,1904,345,4,12786.63,35.75
2231,910,280,6,7258.87,11.41
1736,707,218,6,16501.01,20.01
3602,1473,256,5,29559.95,2.06
4876,1987,123,-2,13563.86,6.36
2664,1083,461,3,18858.89,24.54
2658,1080,3,3,1252.72,14.45
2071,844,447,5,27469.01,3.38
713,294,547,6,29591.23,38.01
2809,1145,112,6,28106.81,29.35
3828,1563,190,1,7550.13,1.07
2161,881,197,4,14398.75,5.44
4672,1901,185,5,1734.01,15.24
1654,678,450,2,11865.73,22.38
771,320,189,2,10676.79,2.29
3439,1403,446,2,12776.48,22.33
1696,693,446,4,5910.14,27.93
4019,1642,261,1,19841.31,1.01
4058,1657,477,5,9796.03,7.86
2688,1096,107,4,17080.96,12.14
3261,1338,515,1,28807.41,32.16
4260,1737,108,1,15329.71,2.26
2562,1042,39,6,1762.5,12.02
2705,1102,50,6,28756.76,32.76
2077,847,501,2,4753.03,3.92
4606,1872,449,2,16560.82,11.38
14,7,23,4,9911.79,20.35
428,182,100,6,13488.06,5.93
568,234,303,2,23926.1,11.55
1623,663,172,4,6381.93,10.54
4549,1850,181,4,20971.27,10.23
2837,1158,341,-4,15002.73,30.73
2145,875,241,6,17621.3,30.34
407,172,294,4,25215.74,23.66
1483,611,76,5,21902.92,23.06
1912,780,37,3,2137.32,11.27
2816,1148,501,6,29882.75,26.09
2585,1052,358,6,21903.86,12.4
207,85,41,4,21728.49,38.25
2048,835,542,2,20339.22,13.94
1902,777,391,1,15334.31,37.54
1207,499,126,3,16599.1,12.84
696,285,237,4,10740.18,36.12
2221,906,53,2,6547.4,12.16
2379,968,474,4,23018.34,24.58
3266,1340,201,6,14870.31,25.06
2494,1014,409,5,4002.39,13.64
4421,1803,403,1,982.4,24.95
122,50,241,6,6644.3,37.94
1886,772,237,6,751.37,17.63
4863,1981,427,6,1919.53,35.61
177,72,91,3,8324.87,6.0
3500,1429,157,2,16537.81,18.23
3617,1479,6,1,24641.65,1.22
778,324,409,2,21630.84,26.27
825,342,312,4,4536.61,24.44
604,247,336,6,8471.96,2.34
4178,1705,355,2,232.49,31.52
4232,1725,508,6,21588.58,2.0
2273,929,532,1,10420.34,24.83
3454,1408,546,5,8984.91,38.1
238,99,431,5,11338.45,31.22
2171,885,67,3,8291.54,24.51
793,330,243,6,28227.07,27.4
1989,809,107,4,12871.51,27.6
4052,1655,397,3,17927.33,20.04
1462,602,13,6,26794.37,4.69
119,49,543,1,10500.51,25.77
2063,840,103,2,6537.86,31.27
1693,692,118,3,17691.97,21.04
830,343,224,1,10878.84,11.93
1748,713,211,2,13854.28,29.92
4008,1638,42,3,7045.55,13.11
1715,700,117,2,9271.74,8.95
4883,1988,87,3,20012.84,16.79
4909,1999,505,6,21336.21,31.25
3006,1228,443,6,13904.25,21.87
1953,796,78,3,18750.63,0.53
1289,537,51,5,14604.92,23.65
1901,777,209,2,6454.24,33.96
657,268,384,-2,11839.65,18.34
4434,1809,297,1,5809.46,37.14
176,71,3,6,7443.82,13.81
1593,651,504,3,29213.11,0.57
626,256,182,3,11540.49,39.26
4422,1803,483,2,4138.48,31.72
2047,835,353,1,15754.82,19.84
3326,1361,100,4,27232.18,10.0
165,67,74,4,16447.12,29.51
1915,781,106,3,6595.52,12.41
1242,511,9,2,24213.5,7.49
2110,862,294,1,4279.72,27.5
1757,718,547,1,24783.19,21.82
4913,2000,262,4,29117.55,23.2
3805,1554,349,6,28489.84,0.2
1784,736,437,4,15249.84,39.28
3756,1534,361,6,19631.42,15.19
2238,913,213,1,1839.85,1.29
3421,1396,355,3,24017.71,37.37
3174,1299,506,2,29059.06,21.58
1005,413,130,5,25293.35,2.05
1272,529,437,-2,16168.37,13.87
4822,1964,154,6,13864.46,23.3
100,40,107,6,14162.44,29.15
24,10,250,5,10149.73,23.92
1059,435,269,1,5194.53,34.8
67,25,264,4,12850.84,29.17
2031,829,258,3,29264.36,17.22
4522,1838,24,1,7740.12,20.18
4134,1690,140,4,25074.84,23.16
2924,1191,426,1,28880.57,17.4
2975,1213,212,1,28327.23,1.89
4643,1887,335,3,189.86,37.74
4125,1686,52,2,6209.13,12.61
1329,552,439,1,25764.61,4.0
595,244,273,2,18134.44,19.1
3148,1291,354,3,20459.97,29.1
17,8,255,4,27788.94,27.9
1584,647,464,1,12305.46,1.82
2335,952,490,3,20542.0,28.36
2710,1104,198,5,20013.68,15.02
425,181,122,5,6295.86,32.24
981,404,220,3,8997.14,34.95
4694,1911,75,1,10612.01,37.19
2587,1053,510,3,28486.88,35.77
4420,1802,328,6,10592.54,26.52
2123,866,66,1,1591.4,29.71
2833,1157,173,2,16276.51,9.47
4878,1987,24,2,29261.58,12.83
4482,1825,237,3,6255.22,29.58
986,405,71,6,24782.4,20.85
861,356,518,1,9568.07,1.6
3378,1376,98,2,3908.54,19.68
3320,1359,184,4,25663.46,7.68
4374,1783,395,1,1036.44,8.02
1152,477,453,4,13315.74,34.25
33,14,267,2,21028.29,3.84
813,336,300,6,21300.2,31.42
528,220,201,1,17906.18,37.67
190,77,305,-2,26395.44,30.26
3112,1275,420,3,14295.68,11.46
4846,1975,540,3,13244.23,20.77
983,404,308,6,17175.17,7.98
935,385,10,4,26609.17,23.17
3200,1311,195,4,21748.3,1.45
1683,688,389,2,17578.24,30.02
3594,1470,95,4,27997.33,27.48
1962,800,484,5,7639.26,9.7
4115,1681,252,2,22165.75,27.09
2256,921,433,3,9534.82,33.53
2529,1030,233,6,16996.55,33.67
1834,755,219,2,18655.42,13.52
2188,892,393,5,16679.1,13.74
442,187,70,1,17696.58,26.66
3806,1554,347,5,9179.46,1.72
2676,1089,467,-4,2247.3,19.45
3235,1327,466,4,18184.11,35.13
4385,1788,121,2,22768.38,24.95
2873,1172,377,6,14039.74,20.95
1563,639,66,5,15838.03,36.36
1203,498,298,4,7427.53,26.71
3753,1533,55,1,11657.31,21.28
4249,1733,460,5,24631.01,1.45
4181,1706,171,5,24031.59,0.07
2391,973,505,6,21638.89,32.27
4839,1972,246,3,19825.17,25.47
3089,1266,468,6,24855.37,13.67
130,53,258,6,17627.15,25.15
1508,620,17,2,24013.33,2.52
481,203,249,6,16324.33,5.0
3116,1276,359,1,24213.31,7.75
4199,1713,351,1,24867.16,29.26
1724,704,95,3,29918.64,39.27
3901,1595,89,1,459.54,19.37
1528,627,386,5,19616.95,10.33
1147,475,432,1,12353.99,6.76
3245,1330,65,3,14967.49,5.29
3994,1633,355,6,15921.05,36.21
2442,993,397,3,17116.92,38.61
3970,1621,196,3,17609.95,32.18
4406,1797,63,2,28627.32,2.35
4812,1960,408,5,13485.89,25.77
3968,1620,428,1,9060.9,1.88
3028,1242,409,-4,10426.56,24.3
3692,1507,231,1,3595.58,10.12
1255,519,164,5,11689.74,13.92
2695,1098,373,5,14382.96,9.16
4805,1958,331,6,8421.47,11.34
799,332,492,1,135.6,16.83
2840,1159,421,-1,5420.5,29.67
2778,1131,338,2,9648.3,27.43
1434,590,139,3,9952.24,38.78
1752,715,422,6,6803.47,13.15
3965,1620,174,3,18161.72,39.4
851,352,58,1,5273.94,9.23
4280,1746,155,2,29149.91,14.38
1765,724,514,6,9140.67,10.45
777,323,226,4,19866.84,20.35
3563,1457,83,5,20941.15,35.68
4639,1886,210,4,22912.47,37.15
2370,964,183,5,22822.62,20.69
1595,652,20,3,18875.33,21.94
1763,722,414,5,22464.89,2.89
3661,1496,344,6,2040.08,9.49
4347,1772,341,1,8244.22,26.84
2325,949,9,5,15364.93,20.68
285,117,187,1,7906.84,37.22
3335,1363,373,3,13373.55,7.82
4297,1752,155,4,9858.87,12.11
4523,1838,418,6,1825.49,7.29
4216,1720,214,5,29191.92,31.37
561,232,155,1,19819.98,20.0
355,146,228,4,19155.92,17.64
2522,1028,11,4,2728.94,10.38
1217,502,326,3,15949.28,31.05
3463,1411,310,3,5146.07,15.53
2498,1015,545,4,10285.22,4.27
4334,1768,520,6,2259.53,31.45
1955,798,343,4,17643.64,3.3
834,345,200,3,5575.04,16.26
505,210,185,1,23453.28,39.79
3472,1416,232,4,14630.51,22.32
3331,1362,122,1,22874.1,18.32
3398,1385,225,1,24693.38,6.61
1236,509,212,2,5364.31,37.75
610,250,112,6,5659.3,3.23
332,136,404,3,8880.13,4.3
1798,741,291,1,14184.17,34.65
186,76,511,2,11404.83,30.55
3323,1360,316,5,9303.75,7.34
1686,689,95,3,887.14,37.09
814,337,125,4,18144.07,9.78
1691,692,283,4,20903.12,14.95
1504,619,380,2,18534.28,2.09
210,86,31,5,23381.13,4.48
4010,1640,249,6,5703.21,1.03
1538,630,403,3,6481.98,6.19
199,81,283,3,4114.19,24.4
2469,1003,463,3,29510.62,35.85
4114,1681,493,1,24181.46,1.93
3485,1421,378,2,9841.33,25.26
730,302,246,1,29427.04,5.47
4538,1846,37,4,29893.82,15.72
2763,1127,395,5,20314.23,0.37
618,253,424,6,18769.72,28.84
3833,1565,211,1,27310.23,2.93
2324,949,340,6,19759.49,15.75
4433,1809,37,5,14832.09,31.91
832,344,380,1,8969.04,7.34
2506,1021,135,5,17019.22,31.07
3430,1399,109,4,6004.59,22.55
1907,778,193,2,11150.78,34.69
2093,854,174,3,5297.0,30.84
927,383,273,2,18672.98,18.68
1836,756,143,5,1478.1,0.81
1087,449,18,5,22283.04,17.84
2392,973,252,3,10544.05,12.77
3758,1535,161,3,29335.11,29.25
3659,1495,27,5,9327.81,4.29
2342,954,115,5,15928.71,17.07
2301,941,274,5,14851.04,5.15
4436,1810,409,2,846.17,15.32
1192,491,467,3,14217.58,15.56
3336,1364,479,1,20470.59,12.33
3874,1584,325,1,28733.61,35.19
1262,523,174,1,19986.71,36.89
1772,729,136,5,18996.83,12.68
1744,711,144,4,17257.84,4.71
3505,1431,424,3,762.9,30.51
2714,1107,325,6,18216.66,5.06
555,229,396,5,12824.99,23.45
3062,1253,483,3,20744.92,26.07
2252,920,151,6,22237.19,28.48
342,140,60,3,17548.66,16.62
2116,863,545,6,26626.54,16.63
4036,1649,466,2,7052.31,28.91
4837,1971,357,4,15665.09,25.07
181,73,482,1,7287.66,24.08
1042,429,522,1,7848.98,10.82
835,345,111,1,19932.24,28.57
2372,965,327,5,14494.12,14.47
759,316,363,2,12754.48,3.48
2940,1198,526,4,10673.82,13.04
201,82,299,2,6562.39,38.79
720,299,479,6,20725.89,27.01
2190,892,356,2,25591.69,25.34
987,406,438,1,15230.23,35.58
1707,696,344,-6,9860.58,33.24
1001,412,295,2,11756.89,29.44
2961,1205,130,2,24492.86,32.4
111,45,114,-6,3297.91,8.25
2831,1156,96,6,20342.32,30.23
3883,1587,291,2,25814.18,33.46
3586,1467,234,5,8250.32,32.07
753,313,36,2,11404.7,13.83
661,270,63,6,28416.05,28.1
4873,1986,490,2,26384.44,36.84
2072,845,161,6,14565.89,4.75
1287,537,364,1,8200.08,28.79
2700,1100,370,-4,26230.54,23.97
4696,1911,516,6,27151.66,25.89
960,393,126,1,27576.13,12.12
460,195,151,1,13389.26,0.9
3030,1242,252,6,22999.45,8.73
2619,1064,489,4,651.01,8.0
598,245,301,3,25066.75,12.76
2956,1204,356,6,14462.13,13.68
1148,476,104,6,24798.9,26.73
3035,1246,176,2,18033.38,0.21
108,43,189,6,29018.51,9.95
4838,1971,433,6,2236.13,23.32
1833,755,16,2,11130.79,2.46
2579,1049,375,3,25790.06,2.17
2822,1151,192,2,29990.38,5.53
1342,558,52,3,19461.55,16.42
3641,1487,445,6,21316.37,9.36
22,10,122,3,26385.26,19.67
2667,1085,415,3,25020.32,0.68
4108,1678,428,1,21718.18,29.91
1349,560,530,6,1103.39,2.39
1311,545,54,5,5906.74,2.67
3136,1285,131,3,26736.47,25.04
200,81,64,6,1222.48,27.47
2519,1027,57,4,23033.36,11.69
4474,1822,372,4,16368.23,4.74
4582,1863,438,4,11584.51,25.36
2317,947,494,5,22621.76,36.1
2,1,519,1,4684.57,32.99
4162,1699,309,1,12675.28,29.85
1719,703,306,3,12903.08,0.2
4331,1767,467,5,10769.27,29.42
2448,995,255,6,21885.9,31.24
4403,1796,147,3,17743.72,31.84
4278,1745,182,4,28596.82,2.06
2686,1095,185,4,29400.41,8.58
969,397,229,5,5204.6,33.92
410,173,509,1,6943.01,18.15
2627,1067,318,4,6515.2,8.09
392,164,96,1,19323.06,6.7
36,15,411,4,7130.24,39.38
4242,1729,412,5,17254.75,38.78
931,384,155,6,11122.32,38.13
3018,1236,519,4,9699.68,34.67
4714,1919,162,2,16178.59,34.75
3486,1422,541,3,19756.18,32.18
3732,1524,159,2,24666.41,10.31
1310,545,409,1,24948.22,13.71
194,78,383,3,1365.34,16.13
4003,1636,63,6,13476.03,31.81
1037,427,79,1,18741.21,27.86
121,50,277,2,13200.07,5.34
3850,1574,126,2,4244.5,27.84
2153,878,213,6,7625.5,9.35
473,200,116,3,14881.23,22.07
1988,809,486,4,10743.75,1.15
2580,1050,54,3,26871.29,32.71
418,177,351,3,25935.25,33.11
4366,1781,367,2,4155.91,27.93
2316,946,101,6,16724.78,0.36
2332,951,409,3,16594.76,19.19
44,18,332,4,9874.55,38.67
3056,1252,238,4,29660.3,32.28
3853,1575,476,6,11778.57,11.87
2007,820,536,4,26680.91,13.98
4236,1727,521,1,16950.16,20.63
3145,1289,219,6,1236.68,24.13
313,128,545,3,119.57,25.74
4068,1660,169,-3,21841.7,7.64
11,6,481,3,16482.97,36.05
3393,1383,221,1,5667.09,25.02
2566,1043,181,6,12076.52,19.71
1845,760,47,4,17592.66,4.25
4752,1935,431,-3,1557.95,12.5
3528,1441,482,1,25232.97,21.56
2267,926,518,6,4326.49,20.56
48,20,285,2,12594.32,30.83
224,92,120,6,23431.17,0.72
1896,775,277,3,27683.62,19.53
4271,1741,150,3,12635.9,33.75
2353,958,107,3,8249.71,35.23
2400,976,374,5,7166.89,21.99
2643,1074,331,5,25679.73,11.27
4855,1977,16,1,7055.87,14.24
4473,1822,223,6,10985.83,33.59
37,16,335,2,4546.76,6.21
417,176,134,2,15978.31,37.81
459,194,241,3,22552.68,22.86
961,394,135,5,1393.65,19.36
2356,958,413,6,14923.6,1.92
1640,671,538,4,20297.51,29.57
794,330,317,2,2841.7,30.8
4817,1963,295,1,19099.88,3.62
1674,686,247,3,28508.88,1.28
3794,1549,28,5,16368.91,0.74
4378,1785,220,1,21430.95,6.46
4738,1930,179,2,24802.76,6.92
2198,896,265,-4,21053.81,18.3
3173,1299,279,4,17281.99,12.01
161,65,247,1,18246.35,35.38
377,157,403,3,684.85,13.3
2946,1199,546,3,1176.5,6.16
2261,925,307,3,179.62,13.09
2673,1088,410,4,26316.74,15.14
4732,1928,19,2,18122.88,38.16
1214,501,28,4,24824.61,18.55
4407,1797,301,1,3078.12,27.28
1183,487,233,4,12523.5,17.07
1541,631,408,4,21930.39,1.13
4000,1635,42,5,2601.71,27.43
4207,1717,171,2,24168.2,15.47
3078,1261,420,6,6915.79,6.49
1995,813,459,6,28493.11,39.58
2948,1200,472,1,22663.61,6.7
1088,449,486,2,775.86,26.98
4303,1754,52,6,24737.77,37.73
3161,1295,209,4,6721.28,29.72
1580,646,263,3,23118.22,23.55
3249,1333,111,3,1791.3,30.91
2845,1162,25,6,10288.73,4.31
3325,1360,77,3,18150.9,3.48
1243,512,424,5,516.03,39.88
3387,1380,444,3,20733.99,0.29
3569,1459,383,2,25308.77,7.12
630,258,10,5,28113.83,36.09
3104,1272,370,4,9292.42,30.32
3590,1468,426,5,18711.31,4.54
4365,1781,528,2,6684.39,8.37
1010,415,212,4,26228.07,20.92
2606,1060,298,4,5875.35,8.43
866,359,242,6,20681.96,16.64
2882,1176,423,1,9892.94,2.69
2762,1126,115,4,6711.29,16.88
3045,1249,101,4,23025.05,5.21
1856,763,201,6,27381.89,36.8
511,212,309,2,29141.12,10.01
3750,1532,135,3,21141.95,18.93
1974,804,54,5,17700.46,2.64
3263,1339,532,5,13113.05,8.68
388,161,382,6,5621.22,25.5
1380,570,478,6,12487.13,20.08
3305,1354,238,1,7646.0,36.57
573,237,414,-2,24539.36,11.16
316,130,32,6,8459.95,21.67
4022,1643,344,6,23892.28,16.08
4653,1892,237,6,21168.38,17.62
1219,503,471,6,1589.34,22.5
314,129,378,1,26502.31,26.54
120,49,461,2,8340.91,19.07
787,328,154,3,6133.38,9.75
4450,1814,256,1,15683.75,0.72
1771,728,166,5,19690.62,11.57
499,209,335,5,11896.14,15.06
1058,434,131,4,8008.77,6.67
3318,1358,317,1,29952.75,2.92
2804,1143,9,-6,7192.64,23.5
1354,561,455,3,17804.99,9.83
1445,595,54,4,5973.83,6.78
743,307,26,6,23919.32,35.01
4354,1777,491,3,18006.38,16.19
3204,1313,209,6,25083.77,38.33
3812,1556,499,4,5882.03,11.84
2348,956,421,5,18890.04,30.65
2193,893,331,5,25870.42,16.19
2829,1155,429,3,28007.09,14.42
369,153,65,4,6029.8,31.49
1398,578,334,5,19563.73,25.68
4590,1866,259,4,12559.59,24.97
4743,1932,59,4,24951.55,22.96
446,188,177,1,18304.59,1.52
2297,939,391,2,5887.23,10.84
3800,1553,31,2,511.44,37.44
3464,1411,457,6,27974.69,10.29
1608,656,386,6,8470.53,18.37
1820,751,16,4,1549.28,13.26
3976,1625,223,6,23063.9,23.75
2979,1214,78,1,605.57,4.68
1448,596,73,5,14579.95,8.4
3707,1511,529,6,12454.07,18.72
4654,1893,47,1,24894.87,13.43
2969,1210,271,6,15033.89,9.13
908,376,204,1,695.08,8.77
4480,1824,425,2,13124.17,6.53
88,34,389,2,25507.14,39.25
1682,688,54,1,7465.35,30.06
2122,865,172,4,11560.72,23.93
962,394,352,4,27880.86,32.74
2453,996,516,3,25191.96,25.55
1906,778,430,3,25034.91,4.55
4397,1794,313,2,6263.36,10.7
4443,1812,92,4,11363.54,12.79
757,315,454,2,5784.11,20.89
1076,443,507,2,28663.92,22.52
3999,1635,174,4,23413.44,6.83
4333,1767,170,3,17411.79,6.26
3551,1452,314,-4,14776.63,8.09
375,156,209,3,9311.04,16.72
3951,1615,302,4,20642.44,0.96
3959,1617,163,4,28369.83,28.71
3506,1431,257,4,10217.33,16.84
4789,1952,311,6,25287.25,33.45
3579,1463,217,3,6271.24,9.91
3741,1529,338,3,22919.34,39.87
2971,1211,291,5,10632.25,18.61
3013,1233,37,5,20153.96,7.69
2327,950,377,6,16090.4,7.42
4153,1697,109,4,19942.32,0.5
1467,605,22,6,16260.5,6.06
2052,837,33,4,5675.66,33.81
3877,1585,443,2,6179.68,33.64
3677,1503,546,4,19006.84,7.35
45,18,433,6,27473.25,22.66
49,20,370,6,18484.82,13.49
909,376,443,4,22151.26,29.81
2850,1163,162,5,23517.58,24.38
3746,1530,212,6,18894.58,35.04
659,269,12,1,29562.51,12.52
114,47,150,2,5721.22,26.63
3543,1448,28,5,23659.63,17.44
4050,1653,388,2,26987.02,2.98
240,100,375,5,28562.86,9.93
310,128,394,5,18746.87,36.61
2642,1074,199,4,4302.0,15.64
685,279,489,-2,5411.2,8.55
3761,1535,451,5,28570.75,14.42
996,410,406,2,17310.19,35.55
2061,839,344,1,21661.0,32.86
2564,1043,463,5,25276.84,28.23
389,161,404,1,27684.17,31.61
859,356,271,1,19230.58,9.1
3368,1373,501,4,24145.4,4.41
3207,1314,77,2,10655.13,38.47
3830,1563,118,3,21198.62,7.27
1849,761,386,6,8495.11,19.69
1263,524,48,2,2424.85,14.86
3870,1582,521,3,12074.46,10.06
4867,1982,211,6,5790.36,27.41
3490,1423,434,4,6223.88,34.17
1802,743,253,3,24798.68,37.83
2169,884,251,-3,18067.6,17.57
638,262,366,-1,25811.95,30.38
3516,1435,304,2,3337.36,21.12
362,151,354,1,23031.36,16.16
87,33,110,1,19978.23,39.94
3598,1472,148,6,8606.27,19.61
644,264,29,2,24894.08,1.93
3131,1282,105,1,6959.89,18.86
4536,1845,263,1,14373.75,25.18
46,19,8,2,12532.45,19.48
1228,506,240,2,10104.81,14.82
2416,981,536,4,17539.89,3.54
954,392,400,6,17806.0,34.78
4137,1691,235,6,28737.75,20.29
3367,1373,291,1,2754.76,7.16
515,214,373,4,10263.51,35.7
2088,852,471,6,18800.47,21.46
1172,483,60,2,29985.13,8.07
2403,977,540,5,14722.59,18.18
353,145,291,3,15642.29,24.68
3640,1487,545,5,17846.48,19.42
2065,842,59,2,24495.71,16.03
4177,1704,515,4,29886.24,26.06
3365,1372,140,4,23535.33,24.77
1449,596,42,2,5597.07,11.76
3401,1387,282,1,20510.26,8.34
4193,1710,312,4,2301.77,9.85
3591,1469,252,3,28601.98,8.41
1863,765,438,2,4150.95,7.94
1015,419,108,4,1505.12,12.62
2691,1097,338,6,18689.85,34.63
531,221,114,2,15909.98,9.15
358,147,539,2,5268.93,21.73
2839,1159,197,5,1945.32,27.13
497,208,411,4,4449.26,10.86
4343,1771,264,2,17796.94,6.17
154,61,464,2,17868.66,26.42
4045,1652,273,3,21526.39,29.61
3313,1356,382,5,5090.91,24.91
1188,489,376,3,29111.39,1.26
2135,871,460,2,22623.5,4.13
1126,467,142,3,21658.43,32.4
2286,935,321,3,22268.53,28.32
2450,995,434,5,22726.26,22.02
749,309,26,2,20504.31,29.18
2374,966,228,4,19751.56,4.07
4502,1831,353,2,28076.97,11.28
2152,878,239,5,10804.42,3.91
383,158,335,2,16793.54,36.6
2672,1088,296,1,13280.29,38.02
3125,1279,26,1,10809.01,33.53
4030,1646,187,5,16964.45,18.97
3290,1349,503,3,1446.58,36.79
1396,577,123,4,22746.56,7.01
345,141,348,6,28939.61,31.86
4015,1641,481,6,8267.64,38.04
2901,1183,516,4,22060.69,26.95
2706,1103,86,3,12516.82,33.84
4090,1669,91,5,11743.65,26.53
620,254,73,1,1457.58,14.07
173,71,295,4,23062.81,6.02
3024,1240,121,-4,5955.8,19.9
455,191,69,6,7997.0,35.34
3135,1284,527,2,11077.32,25.38
796,331,343,2,4427.48,6.34
2459,999,226,3,25883.45,18.15
949,390,227,1,16234.76,22.22
896,373,544,3,16163.29,15.58
4088,1669,315,6,27525.75,0.68
4085,1667,243,3,13066.15,1.02
1306,544,185,-6,25547.34,6.78
4246,1731,368,6,2688.94,36.12
868,361,231,5,3196.71,38.86
2113,862,1,3,3402.45,32.22
2765,1127,20,4,11789.82,23.21
4031,1646,242,3,15015.64,39.14
899,374,538,4,9478.98,13.09
3400,1386,251,1,19315.75,4.69
4098,1672,339,1,28300.71,37.53
2159,880,193,3,22837.0,3.72
3169,1297,481,5,10955.71,37.58
467,197,185,2,2645.33,23.83
2138,872,402,5,5084.02,1.89
3283,1347,462,2,25275.81,18.7
2537,1032,244,6,9081.34,23.0
1471,606,195,5,9069.43,34.0
1386,575,306,1,1532.93,1.24
2240,915,248,6,7975.41,9.77
68,26,100,3,16315.35,21.95
2867,1170,157,5,12026.68,2.45
3869,1581,245,2,26915.45,4.34
2596,1056,44,6,1234.47,1.77
1227,506,31,3,28090.18,39.75
3081,1263,129,6,8587.71,26.24
2723,1112,466,1,26653.1,9.62
4116,1682,517,3,2696.43,26.0
2103,859,371,3,12667.44,18.9
2682,1093,233,2,19893.19,12.12
408,173,359,6,23750.17,32.42
3418,1395,118,6,22139.12,20.42
3581,1463,145,4,18605.14,20.62
3971,1622,506,4,23572.97,25.27
4051,1654,126,4,14784.46,24.42
2245,918,432,1,20714.1,23.91
1561,638,312,4,24818.66,37.17
3328,1361,92,3,14488.11,21.21
3948,1614,313,5,4079.29,10.41
1238,510,380,6,12835.2,4.83
477,202,432,6,25069.09,15.05
3330,1362,397,4,1193.42,27.02
2687,1096,115,6,19463.07,18.25
922,380,161,2,21535.2,6.09
574,237,338,6,13182.29,2.98
4673,1902,268,4,4688.59,17.57
2588,1053,402,4,5292.96,20.6
680,276,482,2,2916.47,22.24
431,184,235,3,1529.17,34.81
2777,1131,204,5,23170.49,3.48
2481,1009,445,4,21894.52,7.28
267,111,144,6,25904.19,26.86
254,107,150,2,9479.47,13.47
526,219,62,1,29384.92,0.6
4529,1842,132,5,15536.6,34.14
3859,1577,144,5,9953.01,12.83
2268,926,201,3,29117.8,30.9
340,139,540,5,10514.66,6.51
4445,1812,268,4,20327.59,3.79
2797,1141,109,6,7467.86,33.48
2045,834,282,2,5621.05,18.43
2219,906,151,6,10573.32,15.04
697,285,99,5,4047.37,2.84
2565,1043,326,3,1669.67,36.84
1402,579,20,5,27788.4,38.27
435,185,437,6,7687.44,1.19
3301,1353,137,4,23734.28,23.95
4811,1960,19,1,3555.7,13.1
2212,904,503,4,22691.54,34.98
2742,1118,152,3,19622.79,34.51
3124,1279,377,1,21271.9,8.0
4295,1751,245,1,207.65,35.62
1710,698,146,1,25811.5,16.98
634,260,303,6,20491.12,2.16
3408,1391,368,4,14613.86,17.88
1,1,527,1,16484.89,29.96
128,52,336,6,12649.81,13.65
2139,873,14,4,29734.13,13.92
1305,543,308,4,12394.56,23.56
1295,540,175,5,16789.88,14.17
4519,1837,362,3,16925.47,24.89
629,257,344,3,28831.54,6.38
1282,534,281,4,20066.62,20.35
3390,1382,400,3,28451.87,17.12
1408,581,514,1,24473.06,31.59
2371,965,488,3,13087.75,15.17
4906,1997,518,5,5482.4,27.33
47,19,343,2,4296.2,20.51
4617,1876,254,4,12416.26,22.77
363,151,90,6,23629.0,35.99
3941,1611,347,3,17677.42,14.73
1934,789,262,3,11192.16,29.55
4535,1844,72,1,19446.97,17.5
3713,1514,438,4,15702.32,10.28
1746,713,407,2,8411.34,5.77
3648,1490,83,6,7558.45,28.28
850,352,256,6,8412.02,14.81
1515,623,479,5,21708.19,4.92
56,23,475,5,27700.38,33.39
1911,780,50,2,22039.08,23.08
4094,1670,284,6,23209.19,30.55
228,95,54,4,5583.78,22.88
3399,1385,252,3,12046.56,10.59
2945,1199,318,2,26727.78,39.74
3695,1507,288,1,26974.97,1.22
756,314,361,6,27295.38,5.93
1562,639,350,4,22421.04,27.84
2255,921,238,1,17270.12,7.44
3778,1543,166,1,19530.5,27.17
538,223,202,1,28339.48,6.17
380,158,3,2,13260.24,6.48
472,200,121,3,2744.27,23.24
3909,1598,71,3,19285.88,8.31
1794,740,419,5,20202.24,39.53
751,311,436,1,6878.6,22.95
1846,760,246,6,11272.79,9.03
3629,1484,179,4,2542.03,9.71
4637,1886,197,5,28726.03,14.88
3026,1240,57,3,20731.79,17.58
2476,1008,315,4,20240.97,14.04
4188,1708,338,5,12451.06,5.55
2649,1076,125,3,18168.06,9.94
933,385,97,2,6203.79,24.67
249,104,292,1,28804.61,35.49
651,266,349,2,11698.88,1.33
517,215,436,2,23488.69,10.32
1713,699,189,6,11235.9,5.59
3032,1243,28,5,27400.84,10.97
1717,702,220,2,17971.38,13.42
647,265,130,1,12909.41,20.26
246,102,32,6,22503.37,12.38
2604,1059,537,-1,28482.47,28.58
2930,1193,140,6,27655.72,34.71
1819,750,306,3,15642.67,32.04
3242,1329,277,4,17875.43,25.25
2385,970,376,3,627.82,31.01
817,338,539,6,21018.29,6.85
4335,1768,186,1,25799.83,27.2
3587,1467,62,6,9065.27,34.32
2986,1217,138,5,2581.07,4.59
3460,1410,264,4,5904.32,27.37
1475,608,289,2,6070.8,34.25
461,195,516,6,8764.02,26.46
3739,1528,112,6,22956.98,22.84
2036,831,47,6,6895.57,29.53
2043,834,504,5,22777.13,7.52
2293,938,540,6,19958.2,5.36
1104,458,327,3,4526.22,34.23
566,234,118,1,15286.9,25.26
838,346,322,6,4311.96,34.41
3770,1539,295,6,19796.55,5.75
66,25,133,6,5153.78,11.69
635,260,182,2,12243.07,24.84
2162,881,491,6,8882.65,0.45
166,68,472,2,29783.28,13.51
2341,954,326,1,23381.63,17.43
4869,1983,221,4,19598.7,1.1
1153,477,277,5,14065.74,3.22
412,174,376,4,27728.2,8.48
4209,1718,135,5,25689.97,23.22
609,249,94,1,29244.26,24.42
1806,745,42,5,15773.31,1.17
3982,1628,475,4,25302.57,35.34
2595,1056,221,6,816.96,37.33
822,340,45,4,26987.21,20.74
2308,944,270,4,12034.27,39.19
1497,617,547,4,25904.9,18.54
2569,1045,20,3,6439.15,31.11
3121,1278,34,4,24618.52,31.02
3090,1267,67,5,28808.0,38.39
1355,561,28,4,13256.95,8.44
3109,1274,36,5,26714.57,9.38
3630,1484,162,1,9462.73,37.49
148,59,376,6,22856.67,33.39
2414,981,426,2,14179.18,23.65
427,182,501,2,1374.44,0.53
684,279,55,6,15466.02,6.72
3143,1288,462,2,29725.25,24.1
4411,1798,10,4,22856.16,7.14
4079,1663,280,4,19824.97,27.9
2107,861,411,1,12111.58,33.17
3934,1608,209,3,22713.3,32.71
3995,1634,172,4,894.51,29.97
4149,1696,147,6,27120.56,29.72
1358,562,487,5,23305.44,24.57
3625,1481,27,1,1942.93,12.59
3574,1461,141,5,13270.84,18.4
4632,1884,132,5,11704.99,9.69
1405,580,386,6,123.0,36.73
4659,1895,42,6,19696.92,8.45
2199,897,444,5,25403.75,24.85
4314,1760,537,3,9612.8,2.89
4180,1705,212,6,14760.93,14.95
1971,803,208,6,19384.44,29.02
3993,1633,44,2,3439.92,17.47
3780,1544,139,4,27007.6,19.61
4575,1859,329,1,4611.63,20.8
3233,1326,368,4,29904.71,17.72
1177,485,160,3,18543.49,30.05
3817,1558,89,1,24350.29,17.47
2016,823,434,2,24167.41,18.05
4187,1708,249,-5,25307.75,34.28
2501,1018,374,3,14442.17,34.39
2277,931,194,3,18240.34,32.66
1194,491,122,2,29478.03,37.26
3634,1485,482,3,16218.51,35.06
3478,1418,381,4,16892.51,0.09
1294,539,505,6,17279.98,38.47
1621,661,41,4,13936.79,2.65
4721,1922,179,2,28562.03,22.09
2704,1101,338,1,5291.67,39.4
382,158,510,6,14760.79,35.82
2931,1193,64,-4,12624.68,24.53
1298,541,368,6,5843.95,29.55
3286,1348,424,6,15967.42,20.26
612,250,452,1,4171.31,1.75
1675,686,132,2,29367.57,10.75
3719,1517,316,4,23203.07,22.65
650,266,368,3,7384.57,14.95
1120,465,338,5,17242.6,32.19
3891,1591,428,6,1165.97,15.63
3675,1502,312,1,809.7,3.49
1469,605,392,3,21307.89,8.27
80,31,469,4,11129.24,36.0
1996,813,333,2,27511.62,24.09
440,186,487,1,29396.7,16.12
2659,1081,282,1,27091.77,18.13
4505,1832,305,2,572.85,29.92
2511,1023,483,-1,2449.57,1.65
1977,805,286,1,26435.36,24.01
3927,1606,62,6,19060.67,5.62
3884,1587,497,5,13079.8,22.58
1986,809,516,3,2930.47,23.38
3154,1292,151,4,4665.85,13.01
2457,998,91,2,7411.85,3.47
4104,1676,449,1,7940.62,3.59
4341,1771,156,2,15224.27,11.27
1303,542,163,2,10575.86,30.2
2352,957,248,3,15856.81,16.01
4702,1914,445,5,15247.61,20.35
3946,1613,206,3,4543.29,35.7
1703,695,3,2,24676.85,26.26
4569,1857,331,5,872.38,39.53
1548,634,164,1,7428.8,16.19
2377,967,306,1,10862.27,18.55
1777,731,294,2,4637.38,13.93
1264,524,307,2,8456.84,21.69
2080,849,527,6,129.27,25.74
3545,1450,479,1,5969.51,5.44
4731,1927,539,6,2574.44,11.22
3153,1292,92,-6,15879.34,7.41
3011,1232,541,6,11457.4,16.49
488,205,210,6,7056.2,19.0
4612,1875,21,5,24335.52,20.15
1889,773,5,2,5956.92,35.72
1545,633,305,6,26944.43,10.81
226,94,28,4,13723.3,12.82
1189,490,264,6,5905.22,30.72
673,275,475,1,3869.86,36.29
786,327,73,5,14934.3,5.44
2859,1168,141,6,14782.98,0.53
2927,1192,157,3,15886.78,31.51
3561,1456,342,6,6563.19,9.41
2156,879,439,6,10934.64,31.53
774,322,407,6,8345.81,33.11
3786,1547,535,4,17120.6,31.49
4533,1843,459,6,13383.9,10.03
1276,530,58,1,29012.73,16.06
4444,1812,442,3,24390.99,5.1
877,364,339,1,722.21,6.65
559,231,391,6,8107.21,36.18
2026,827,362,6,12925.89,6.4
323,133,183,3,29061.98,6.87
2154,878,322,4,1676.37,9.69
4896,1994,92,5,20060.87,4.27
2462,1000,311,1,27311.28,27.95
4689,1908,498,3,3719.85,17.46
1430,589,292,6,2214.44,12.02
967,396,302,4,7832.73,12.29
966,396,128,-5,7153.76,37.27
2888,1179,276,6,20815.28,26.54
3108,1274,446,5,1193.88,32.02
740,306,181,4,15214.03,18.43
31,14,503,1,8813.71,33.47
4524,1839,330,4,10271.82,10.13
801,332,509,4,13490.0,18.01
2306,943,295,-5,23759.72,33.27
2284,933,315,-3,13284.44,3.52
1439,592,5,1,10998.41,25.12
4704,1914,458,6,22601.64,23.34
3541,1446,132,6,23650.31,32.76
1457,599,38,5,16794.5,14.16
1899,776,156,1,25246.25,35.65
2455,997,492,3,7686.26,22.96
3935,1608,528,3,21899.75,39.7
1709,697,414,4,3182.59,3.02
1159,479,259,5,10752.78,14.28
151,60,431,1,4810.28,2.93
2523,1028,457,5,4124.01,19.42
4832,1970,147,3,25796.95,13.17
1612,657,93,4,4572.48,31.16
519,216,297,1,19015.46,24.15
4292,1751,190,3,17434.99,34.7
174,71,296,5,1369.55,15.18
378,157,260,5,23270.44,24.45
4785,1950,266,1,17135.12,26.63
439,186,81,3,15786.02,33.23
1706,696,515,4,29306.52,27.66
1163,480,3,6,9271.02,13.49
4175,1703,138,4,17633.66,28.74
3936,1609,396,3,17032.96,36.52
508,212,213,4,12382.61,28.37
4344,1771,365,6,5813.21,39.41
3903,1596,501,4,6696.29,17.45
3499,1429,127,2,2396.64,23.81
2857,1166,27,1,5105.59,39.04
606,248,269,6,2793.67,39.75
3181,1302,246,1,17162.39,23.67
812,336,306,3,26252.3,37.68
296,123,108,6,17126.01,29.3
2821,1151,349,2,10057.62,30.63
1442,594,298,1,23882.54,12.29
2811,1145,529,3,19141.23,34.49
1423,586,382,-4,3730.4,10.19
3857,1576,395,4,14471.67,15.76
178,72,387,5,12447.87,31.91
2734,1115,400,2,3575.27,7.14
4768,1941,457,4,2526.48,12.04
3509,1433,448,5,12845.35,0.11
1582,647,542,4,29943.54,0.68
3192,1306,515,6,2196.88,22.52
916,379,447,2,5401.58,22.23
530,221,270,2,12807.15,5.89
4623,1878,297,4,10043.73,12.17
2359,959,358,4,18833.47,27.31
3442,1404,8,3,22340.16,3.67
870,362,113,4,5347.54,36.21
4023,1644,427,1,10216.01,10.72
2279,931,475,6,29344.44,33.88
1144,474,393,1,2734.57,9.46
4864,1982,219,2,17234.82,39.48
4305,1754,450,2,23763.59,25.59
3826,1562,52,2,28461.63,6.36
4062,1658,73,3,496.06,16.83
3918,1602,91,-1,8355.57,10.06
1835,756,368,2,25464.87,12.89
2908,1186,121,5,1664.23,26.36
3542,1447,125,5,25836.16,0.8
841,348,310,2,1847.52,9.14
3262,1339,155,3,12311.16,39.74
3949,1615,443,6,17790.27,13.14
464,196,535,5,7070.82,39.31
379,157,120,2,18147.86,33.92
2953,1202,30,6,288.14,39.76
1611,657,89,3,24377.71,36.93
2339,953,455,3,25187.01,26.08
1413,583,40,4,13961.42,31.02
4432,1808,375,-4,28924.19,6.26
2165,882,63,4,7444.44,29.34
2509,1022,116,4,17365.38,12.39
3565,1457,115,5,12664.84,23.41
3807,1554,449,2,11785.71,24.88
1536,630,130,4,27786.83,12.94
255,107,124,3,23338.84,15.95
4427,1807,70,2,15626.89,38.14
3471,1415,140,3,14770.3,7.43
3357,1370,538,1,8373.22,31.23
1924,785,204,2,14347.06,1.67
188,76,68,2,18610.33,11.81
3303,1353,442,5,22838.66,36.01
3493,1426,373,2,2537.49,10.69
1291,538,258,2,2893.39,21.81
2234,911,246,4,12654.76,19.01
4761,1939,371,1,17980.7,28.39
4550,1851,327,1,25121.5,15.73
494,208,65,4,14578.76,36.46
4080,1663,219,4,18303.25,6.82
4558,1854,481,6,10880.21,20.67
4158,1698,515,3,28788.21,27.2
2679,1091,453,1,22790.8,33.29
4685,1906,118,2,24552.25,22.31
3188,1304,307,5,6436.93,16.09
3890,1590,281,3,11542.46,33.05
1171,483,103,6,26181.62,15.4
4326,1765,472,1,19302.95,0.61
1072,441,174,1,4628.25,1.41
3852,1575,495,1,24846.09,10.64
3854,1576,237,5,3052.04,27.42
1316,548,542,2,19806.37,12.81
3681,1504,133,1,10900.57,34.83
81,31,38,4,17171.08,0.68
1768,725,211,5,2487.14,31.49
2798,1142,130,4,27200.25,13.13
4631,1884,47,4,13508.19,2.59
217,89,352,1,22719.98,16.29
2736,1116,75,5,5338.75,12.78
27,11,156,-1,5409.43,5.34
1506,620,143,3,1011.45,0.42
2225,908,91,4,22309.26,1.91
2772,1130,167,6,4877.94,9.78
1983,808,469,1,27349.68,8.81
1725,704,414,3,16925.34,2.65
3359,1371,90,-3,26409.35,8.74
3198,1311,97,5,11306.0,2.19
3879,1586,145,3,11673.53,1.84
2760,1126,203,4,6220.87,4.59
2758,1124,247,3,22400.08,21.16
2925,1192,341,6,29637.35,23.26
2205,900,377,5,29503.14,23.02
4503,1831,317,4,6895.5,15.14
2189,892,461,3,24653.66,0.87
2117,863,491,1,11710.11,15.08
4020,1643,83,2,19763.56,4.82
1774,730,378,4,25819.57,7.5
3191,1306,415,6,10599.32,31.55
3033,1244,431,2,6564.46,8.62
1083,447,486,1,9261.16,16.28
2653,1077,147,3,12335.29,22.09
3755,1533,469,3,24089.57,19.87
2628,1067,289,2,23196.17,2.38
4410,1798,480,1,6468.42,38.3
294,122,185,2,9903.93,6.37
2312,945,226,5,15972.21,37.07
2098,857,133,1,21546.41,31.22
2311,945,399,3,10697.13,32.21
3019,1237,245,6,4850.76,30.54
2949,1201,18,2,28344.89,20.92
701,288,283,1,11817.27,6.03
150,60,8,2,16037.59,27.38
2992,1220,95,3,11290.4,11.82
1105,458,173,1,6059.13,29.07
454,190,297,5,3506.76,24.42
3835,1566,445,6,8082.33,35.6
3689,1506,66,2,13995.11,3.06
2912,1188,168,5,26542.69,19.37
279,115,304,3,1570.61,38.45
2226,908,226,1,9113.45,34.66
910,376,3,-1,28093.76,29.92
3943,1611,47,3,4403.26,17.19
3912,1599,194,2,24983.78,2.79
3649,1490,59,-3,14131.56,34.19
2274,929,221,5,25629.06,23.5
2483,1010,35,5,13341.49,17.63
381,158,340,2,17917.28,30.39
3973,1623,79,4,15085.11,14.68
3406,1390,34,5,29034.34,36.38
4844,1974,537,3,25817.18,18.98
1742,709,486,2,14198.76,6.64
3573,1460,378,1,17160.5,6.61
3071,1258,313,2,10726.44,11.4
215,88,79,3,24274.56,34.83
957,393,302,4,1648.41,30.45
4712,1918,547,2,3144.09,12.76
2610,1061,262,3,18266.19,8.18
3666,1499,362,3,22277.54,34.06
3445,1405,163,1,17414.65,23.32
2909,1186,204,6,28116.13,21.27
4350,1774,495,3,14168.56,27.63
127,51,543,2,29325.81,0.13
4066,1659,38,4,12799.74,33.98
4747,1934,505,3,26247.66,19.99
3566,1458,216,3,1223.39,25.08
3673,1501,20,2,9005.42,38.07
928,383,456,4,27554.8,27.79
1726,705,400,2,7464.02,25.58
4726,1925,405,2,26539.82,2.57
2806,1144,318,3,28894.02,18.08
1034,426,163,5,29903.38,26.01
2074,847,130,4,28802.34,32.36
3118,1277,407,5,6850.47,8.67
1341,557,34,5,14360.97,3.11
2989,1217,321,2,19917.84,14.68
1555,636,15,3,24033.03,8.3
988,406,70,3,14449.58,19.01
4820,1964,27,5,29907.13,29.81
669,274,332,5,2723.03,23.74
470,199,475,6,17400.02,39.96
3280,1345,392,3,13894.69,10.85
3483,1421,260,2,8826.0,3.51
3544,1449,70,5,17195.96,32.58
