order_id,product_id,category,old_name,price,base_price,status,amount,region,priority,user_id
1,1001,Electronics,item_1,373.36,130.0,Completed,2222.59,North,Low,1
2,1002,Electronics,item_2,55.91,124.0,Cancelled,128.28,South,Low,2
3,1003,Toys,item_3,215.56,230.11,Pending,2437.82,North,High,3
4,1004,Grocery,item_4,146.16,115.5,Pending,351.52,West,High,4
5,1005,Grocery,item_5,305.83,405.49,Cancelled,1405.3,North,Medium,5
6,1006,Grocery,item_6,416.41,313.07,Pending,1753.19,North,High,6
7,1007,Grocery,item_7,492.76,429.11,Completed,1171.37,West,Low,7
8,1008,Clothing,item_8,191.39,112.66,Pending,2120.37,North,Low,8
9,1009,Toys,item_9,367.27,90.07,Pending,846.35,South,Low,9
10,1010,Electronics,item_10,122.23,25.73,Pending,1233.44,North,High,10
11,1011,Toys,item_11,439.42,164.19,Cancelled,1522.73,West,High,11
12,1012,Clothing,item_12,375.04,274.1,Cancelled,1774.53,West,Medium,12
13,1013,Clothing,item_13,259.67,54.55,Completed,2590.25,South,Low,13
14,1014,Furniture,item_14,302.24,198.54,Cancelled,2988.56,East,Low,14
15,1015,Electronics,item_15,343.34,66.13,Cancelled,2265.09,East,High,15
16,1016,Clothing,item_16,232.32,477.37,Cancelled,827.0,South,Low,16
17,1017,Grocery,item_17,422.42,258.75,Completed,500.88,South,Low,17
18,1018,Toys,item_18,460.06,303.48,Pending,107.46,East,Medium,18
19,1019,Clothing,item_19,440.22,474.01,Completed,2209.13,North,Low,19
20,1020,Clothing,item_20,333.28,473.96,Completed,831.92,West,High,20
21,1021,Clothing,item_21,359.34,205.51,Cancelled,1967.14,West,Low,21
22,1022,Clothing,item_22,120.1,175.66,Cancelled,1684.07,South,High,22
23,1023,Electronics,item_23,122.18,453.66,Pending,259.03,South,Medium,23
24,1024,Clothing,item_24,274.22,364.44,Cancelled,1749.82,South,Medium,24
25,1025,Clothing,item_25,56.22,332.9,Pending,1299.56,West,Low,25
26,1026,Electronics,item_26,39.7,366.82,Completed,783.54,South,Low,26
27,1027,Furniture,item_27,99.91,236.69,Completed,1357.24,North,High,27
28,1028,Toys,item_28,419.65,484.81,Completed,540.62,West,Medium,28
29,1029,Furniture,item_29,452.2,90.67,Completed,2956.66,East,Medium,29
30,1030,Toys,item_30,334.32,248.47,Completed,925.29,North,Low,30
31,1031,Electronics,item_31,376.51,38.01,Cancelled,1456.53,South,High,31
32,1032,Electronics,item_32,427.16,43.58,Completed,2041.88,South,Medium,32
33,1033,Toys,item_33,130.65,301.31,Cancelled,291.85,East,Medium,33
34,1034,Grocery,item_34,126.96,203.94,Cancelled,1954.23,West,Medium,34
35,1035,Electronics,item_35,14.56,314.37,Cancelled,2988.48,North,Low,35
36,1036,Grocery,item_36,74.9,181.01,Completed,2643.85,East,Medium,36
37,1037,Toys,item_37,354.73,309.72,Cancelled,1610.38,East,Low,37
38,1038,Clothing,item_38,139.59,445.96,Cancelled,1682.01,East,Medium,38
39,1039,Grocery,item_39,109.76,320.78,Pending,1540.96,East,High,39
40,1040,Furniture,item_40,416.38,31.6,Pending,2324.8,East,High,40
41,1041,Toys,item_41,355.78,284.84,Completed,271.97,South,Low,41
42,1042,Grocery,item_42,295.43,82.57,Completed,173.4,East,High,
43,1043,Clothing,item_43,344.21,336.8,Pending,2351.34,West,Low,43
44,1044,Clothing,item_44,433.66,488.34,Completed,2650.18,North,High,44
45,1045,Grocery,item_45,393.37,211.74,Cancelled,2598.99,South,Medium,45
46,1046,Electronics,item_46,197.45,28.98,Pending,706.18,West,Medium,46
47,1047,Clothing,item_47,119.23,333.42,Pending,1018.37,North,Medium,47
48,1048,Toys,item_48,205.84,490.76,Cancelled,1026.89,North,High,48
49,1049,Grocery,item_49,97.5,481.64,Pending,162.86,West,Medium,49
50,1050,Grocery,item_50,223.83,492.28,Completed,1186.33,South,Medium,50
51,1051,Furniture,item_51,10.83,463.53,Cancelled,2076.23,South,Medium,
52,1052,Grocery,item_52,315.35,335.06,Completed,2173.28,East,Low,52
53,1053,Furniture,item_53,169.83,351.63,Cancelled,425.5,West,Low,53
54,1054,Clothing,item_54,311.6,157.47,Cancelled,2509.49,East,Medium,54
55,1055,Toys,item_55,307.26,167.9,Pending,1354.37,South,Low,55
56,1056,Clothing,item_56,332.84,149.06,Cancelled,1917.18,East,High,56
57,1057,Clothing,item_57,339.67,120.07,Completed,484.69,North,High,57
58,1058,Toys,item_58,426.37,45.69,Pending,2664.1,South,Low,58
59,1059,Furniture,item_59,205.83,82.31,Cancelled,66.36,North,Medium,59
60,1060,Toys,item_60,237.63,283.13,Completed,1396.56,West,Low,60
61,1061,Toys,item_61,301.77,475.52,Pending,1857.32,West,Low,61
62,1062,Clothing,item_62,374.39,242.59,Pending,2267.74,East,Low,62
63,1063,Clothing,item_63,144.55,47.97,Pending,741.76,East,Medium,63
64,1064,Electronics,item_64,77.8,123.32,Cancelled,500.78,South,High,64
65,1065,Grocery,item_65,275.88,213.73,Completed,2507.03,West,Low,65
66,1066,Electronics,item_66,429.8,385.14,Pending,1457.09,East,Medium,66
67,1067,Furniture,item_67,273.73,369.97,Cancelled,2698.54,West,High,67
68,1068,Furniture,item_68,24.22,174.7,Cancelled,2404.52,South,Medium,68
69,1069,Toys,item_69,271.72,454.4,Cancelled,1714.96,North,High,69
70,1070,Clothing,item_70,434.76,99.05,Pending,1168.36,South,Medium,70
71,1071,Furniture,item_71,146.35,476.09,Pending,794.2,North,Medium,71
72,1072,Toys,item_72,35.52,476.44,Completed,1967.93,North,High,
73,1073,Clothing,item_73,421.22,314.45,Completed,422.35,North,Low,73
74,1074,Furniture,item_74,352.74,385.78,Completed,1837.38,North,High,74
75,1075,Electronics,item_75,293.56,465.15,Cancelled,2048.17,West,Medium,75
76,1076,Clothing,item_76,47.24,348.4,Cancelled,766.41,East,Low,76
77,1077,Electronics,item_77,400.15,287.31,Completed,1074.25,West,Low,77
78,1078,Toys,item_78,327.3,16.2,Pending,2475.88,North,Medium,78
79,1079,Furniture,item_79,356.58,223.39,Cancelled,1589.15,East,Low,79
80,1080,Toys,item_80,389.57,237.79,Cancelled,1797.8,East,High,80
81,1081,Electronics,item_81,146.67,230.89,Pending,1731.06,West,Medium,81
82,1082,Grocery,item_82,99.1,113.94,Pending,1054.0,East,Low,
83,1083,Clothing,item_83,51.95,362.84,Pending,1687.77,South,Low,
84,1084,Furniture,item_84,229.61,18.45,Pending,703.71,South,Medium,84
85,1085,Grocery,item_85,241.9,270.15,Pending,2990.06,East,Medium,85
86,1086,Grocery,item_86,160.25,122.96,Cancelled,618.12,North,Low,86
87,1087,Clothing,item_87,103.86,371.92,Pending,2187.53,East,High,87
88,1088,Grocery,item_88,121.47,97.93,Completed,2138.65,South,Medium,88
89,1089,Electronics,item_89,281.15,351.73,Completed,1931.72,West,High,
90,1090,Toys,item_90,149.33,244.57,Pending,593.87,North,Medium,90
91,1091,Furniture,item_91,65.9,42.02,Pending,268.54,North,High,91
92,1092,Toys,item_92,475.07,51.74,Completed,399.43,West,Low,92
93,1093,Toys,item_93,120.59,266.06,Pending,2730.09,East,Low,93
94,1094,Grocery,item_94,288.63,39.51,Cancelled,342.74,South,Low,94
95,1095,Electronics,item_95,86.96,95.17,Completed,511.77,West,Medium,95
96,1096,Furniture,item_96,152.72,123.42,Cancelled,884.02,West,High,96
97,1097,Grocery,item_97,396.04,316.28,Cancelled,2421.52,South,Medium,97
98,1098,Clothing,item_98,327.34,455.12,Completed,260.66,South,Medium,98
99,1099,Toys,item_99,461.38,225.19,Pending,2081.6,West,Medium,99
100,1100,Furniture,item_100,224.5,303.04,Pending,2216.88,East,High,100
101,1101,Toys,item_101,297.69,20.17,Cancelled,2473.19,North,High,101
102,1102,Furniture,item_102,458.88,98.93,Cancelled,1335.86,West,High,102
103,1103,Furniture,item_103,173.32,338.37,Completed,1022.92,West,Medium,103
104,1104,Furniture,item_104,408.65,279.55,Pending,309.78,East,Medium,104
105,1105,Furniture,item_105,433.81,414.21,Completed,1990.1,West,Medium,105
106,1106,Toys,item_106,187.27,380.66,Cancelled,1354.02,North,High,106
107,1107,Clothing,item_107,464.56,224.68,Cancelled,1479.9,North,Low,107
108,1108,Clothing,item_108,357.79,162.27,Completed,1679.14,North,High,108
109,1109,Electronics,item_109,236.11,67.56,Completed,1520.21,East,Low,109
110,1110,Furniture,item_110,419.01,490.32,Completed,1397.52,South,Medium,110
111,1111,Toys,item_111,259.04,440.87,Completed,864.93,West,Medium,111
112,1112,Toys,item_112,140.91,11.26,Cancelled,930.74,West,High,112
113,1113,Furniture,item_113,179.11,280.44,Cancelled,1162.77,East,High,113
114,1114,Clothing,item_114,290.18,124.45,Pending,178.76,West,Low,114
115,1115,Furniture,item_115,199.18,335.21,Cancelled,2943.41,West,High,115
116,1116,Toys,item_116,172.68,59.18,Pending,344.15,West,High,116
117,1117,Furniture,item_117,436.76,485.28,Completed,1435.0,East,Medium,117
118,1118,Furniture,item_118,328.42,427.36,Cancelled,2585.06,West,Medium,118
119,1119,Furniture,item_119,437.47,27.59,Completed,742.57,East,High,119
120,1120,Furniture,item_120,489.39,382.58,Cancelled,2624.11,West,High,120
121,1121,Electronics,item_121,32.54,400.11,Pending,1107.47,West,High,121
122,1122,Furniture,item_122,287.3,398.33,Completed,566.45,West,Low,122
123,1123,Furniture,item_123,457.29,80.13,Pending,1931.82,West,Medium,123
124,1124,Furniture,item_124,451.59,342.03,Completed,267.89,East,Low,124
125,1125,Furniture,item_125,348.25,233.85,Pending,637.69,West,Medium,125
126,1126,Furniture,item_126,290.24,291.66,Cancelled,920.93,West,Medium,126
127,1127,Electronics,item_127,456.2,375.13,Pending,2338.44,South,Low,
128,1128,Clothing,item_128,321.94,314.24,Cancelled,2278.95,South,Low,128
129,1129,Electronics,item_129,161.38,226.0,Cancelled,1126.34,South,High,129
130,1130,Grocery,item_130,376.27,96.06,Completed,2370.21,East,Low,130
131,1131,Grocery,item_131,416.93,135.92,Pending,2903.78,East,Low,131
132,1132,Electronics,item_132,239.48,46.9,Completed,2587.41,West,Low,132
133,1133,Furniture,item_133,16.82,272.92,Pending,1137.33,East,Low,133
134,1134,Grocery,item_134,63.09,124.57,Completed,1877.66,East,Low,134
135,1135,Electronics,item_135,321.35,237.49,Cancelled,941.46,West,High,135
136,1136,Electronics,item_136,159.14,251.39,Completed,742.66,South,Medium,136
137,1137,Toys,item_137,215.37,373.71,Completed,2661.97,North,Medium,137
138,1138,Grocery,item_138,26.03,191.56,Pending,1361.85,South,Medium,138
139,1139,Grocery,item_139,276.79,489.14,Pending,228.62,East,High,139
140,1140,Furniture,item_140,54.92,113.93,Cancelled,1811.58,North,High,140
141,1141,Clothing,item_141,494.52,395.62,Completed,252.4,South,Low,141
142,1142,Clothing,item_142,170.99,82.3,Cancelled,58.36,South,High,142
143,1143,Clothing,item_143,63.86,434.56,Completed,93.84,South,Low,143
144,1144,Clothing,item_144,140.03,72.11,Pending,1601.95,North,Medium,144
145,1145,Grocery,item_145,261.49,63.44,Cancelled,703.57,North,Low,145
146,1146,Toys,item_146,157.8,325.24,Completed,229.43,West,Medium,146
147,1147,Electronics,item_147,250.23,455.75,Completed,2702.84,East,Low,147
148,1148,Clothing,item_148,144.76,320.21,Cancelled,2150.85,West,Low,148
149,1149,Furniture,item_149,257.72,220.8,Cancelled,387.52,South,Medium,149
150,1150,Clothing,item_150,212.77,415.44,Pending,1277.17,North,Medium,150
151,1151,Grocery,item_151,193.41,84.79,Pending,248.04,North,High,151
152,1152,Grocery,item_152,407.77,282.62,Cancelled,2872.04,East,Low,152
153,1153,Grocery,item_153,438.07,471.15,Pending,2610.87,North,Medium,153
154,1154,Grocery,item_154,60.76,258.63,Completed,1987.37,South,High,154
155,1155,Toys,item_155,190.1,383.68,Cancelled,717.17,West,Low,155
156,1156,Toys,item_156,310.65,324.92,Completed,1846.54,East,High,156
157,1157,Grocery,item_157,461.55,182.0,Completed,2616.09,West,High,157
158,1158,Electronics,item_158,54.96,269.94,Pending,1288.51,East,High,158
159,1159,Grocery,item_159,390.65,288.12,Completed,2655.86,South,High,159
160,1160,Electronics,item_160,340.24,143.33,Cancelled,1300.84,West,Medium,160
161,1161,Toys,item_161,65.77,220.66,Pending,2050.74,West,Low,161
162,1162,Electronics,item_162,118.05,492.38,Completed,72.68,East,High,162
163,1163,Grocery,item_163,151.83,68.79,Pending,2253.69,South,High,163
164,1164,Clothing,item_164,255.13,418.34,Pending,262.62,North,Medium,164
165,1165,Electronics,item_165,432.43,292.12,Cancelled,1243.05,West,Medium,
166,1166,Electronics,item_166,483.44,94.22,Cancelled,1407.29,East,High,166
167,1167,Electronics,item_167,129.23,298.55,Cancelled,282.01,East,Low,167
168,1168,Grocery,item_168,391.77,47.43,Cancelled,386.38,South,Medium,168
169,1169,Clothing,item_169,125.77,81.76,Completed,561.82,South,Low,169
170,1170,Furniture,item_170,237.34,286.23,Cancelled,1374.27,East,Low,170
171,1171,Furniture,item_171,43.46,226.68,Pending,2399.17,North,Medium,171
172,1172,Grocery,item_172,236.25,28.43,Pending,2503.51,North,Low,172
173,1173,Electronics,item_173,311.35,258.46,Pending,1761.97,North,Medium,173
174,1174,Toys,item_174,329.4,167.55,Pending,1529.03,North,Medium,174
175,1175,Grocery,item_175,491.37,51.32,Cancelled,559.05,South,Low,175
176,1176,Furniture,item_176,266.79,308.8,Pending,1149.91,East,Medium,176
177,1177,Grocery,item_177,342.66,35.66,Cancelled,1959.55,North,Medium,177
178,1178,Furniture,item_178,149.23,364.63,Cancelled,2895.01,South,Medium,178
179,1179,Clothing,item_179,459.21,162.01,Cancelled,2110.52,West,High,179
180,1180,Electronics,item_180,161.7,194.57,Pending,2448.9,North,Low,180
181,1181,Toys,item_181,187.3,187.67,Completed,2855.95,East,Medium,181
182,1182,Clothing,item_182,85.92,154.94,Completed,1547.68,North,Low,182
183,1183,Toys,item_183,74.21,194.59,Completed,583.5,South,Low,183
184,1184,Furniture,item_184,188.51,362.6,Pending,1851.26,West,High,184
185,1185,Grocery,item_185,483.14,394.34,Completed,1135.13,West,Medium,185
186,1186,Furniture,item_186,256.42,215.14,Completed,2459.83,South,Medium,186
187,1187,Furniture,item_187,438.32,281.72,Completed,2148.63,North,Medium,187
188,1188,Clothing,item_188,143.67,453.6,Completed,2501.59,North,High,188
189,1189,Grocery,item_189,465.93,213.3,Pending,1530.92,South,Medium,189
190,1190,Grocery,item_190,120.02,166.16,Completed,2525.57,East,High,190
191,1191,Grocery,item_191,459.52,241.5,Completed,2288.58,West,Medium,191
192,1192,Electronics,item_192,19.31,115.67,Completed,1668.97,West,High,192
193,1193,Clothing,item_193,157.56,33.4,Pending,1934.91,West,High,193
194,1194,Furniture,item_194,302.4,18.05,Cancelled,1746.39,South,Medium,194
195,1195,Toys,item_195,182.88,289.63,Completed,2009.9,North,Low,195
196,1196,Electronics,item_196,477.17,276.6,Cancelled,1684.75,West,Medium,196
197,1197,Furniture,item_197,490.71,134.29,Completed,1103.43,North,Medium,
198,1198,Electronics,item_198,388.04,370.24,Pending,443.56,East,Low,198
199,1199,Clothing,item_199,416.89,345.49,Cancelled,1461.67,South,High,199
200,1200,Furniture,item_200,28.12,108.78,Completed,2663.08,East,Medium,200
201,1201,Toys,item_201,241.97,27.94,Cancelled,613.76,East,High,201
202,1202,Grocery,item_202,143.88,401.68,Pending,2673.99,West,Medium,202
203,1203,Clothing,item_203,253.14,253.79,Cancelled,836.83,North,Low,203
204,1204,Furniture,item_204,305.2,412.95,Cancelled,916.61,North,High,204
205,1205,Grocery,item_205,160.18,305.28,Pending,541.6,West,Medium,205
206,1206,Grocery,item_206,311.28,223.12,Cancelled,2941.08,North,High,206
207,1207,Furniture,item_207,188.02,402.54,Cancelled,521.96,North,High,207
208,1208,Furniture,item_208,27.05,42.94,Cancelled,1130.67,West,Low,208
209,1209,Clothing,item_209,342.74,474.92,Pending,1359.62,North,Low,
210,1210,Grocery,item_210,205.04,328.28,Completed,2883.53,North,Low,210
211,1211,Toys,item_211,199.62,285.22,Pending,2336.15,West,High,211
212,1212,Grocery,item_212,350.05,499.33,Completed,411.78,North,Medium,212
213,1213,Furniture,item_213,498.66,407.15,Pending,2020.13,North,Low,213
214,1214,Grocery,item_214,427.17,358.79,Cancelled,1931.22,East,Low,214
215,1215,Clothing,item_215,398.11,126.0,Pending,127.54,East,Medium,215
216,1216,Toys,item_216,73.59,443.28,Completed,962.41,West,Low,216
217,1217,Furniture,item_217,413.44,46.14,Pending,1944.9,West,Medium,217
218,1218,Grocery,item_218,72.88,416.24,Cancelled,1937.39,South,High,218
219,1219,Electronics,item_219,417.38,263.87,Pending,535.74,East,Low,219
220,1220,Toys,item_220,448.51,424.51,Pending,629.09,East,High,220
221,1221,Toys,item_221,271.4,256.26,Completed,1795.83,South,High,221
222,1222,Toys,item_222,175.43,462.73,Completed,2484.45,North,High,222
223,1223,Toys,item_223,139.68,113.3,Cancelled,1278.93,North,Medium,
224,1224,Toys,item_224,151.94,478.76,Pending,772.39,West,Medium,224
225,1225,Electronics,item_225,87.46,213.65,Pending,651.87,South,Medium,225
226,1226,Grocery,item_226,369.76,431.78,Pending,435.76,East,Low,226
227,1227,Grocery,item_227,128.45,70.04,Pending,781.36,North,High,227
228,1228,Furniture,item_228,433.44,214.89,Completed,2449.76,East,High,228
229,1229,Furniture,item_229,498.03,238.74,Pending,1517.24,North,Medium,229
230,1230,Clothing,item_230,115.42,182.92,Completed,880.0,West,Medium,230
231,1231,Electronics,item_231,221.15,442.4,Cancelled,1129.04,West,Medium,231
232,1232,Electronics,item_232,289.44,105.38,Cancelled,901.38,West,Low,
233,1233,Toys,item_233,147.06,494.65,Cancelled,1852.58,South,High,233
234,1234,Grocery,item_234,283.34,189.15,Completed,637.22,West,Low,234
235,1235,Electronics,item_235,77.15,173.19,Pending,1582.03,South,Low,
236,1236,Clothing,item_236,170.7,310.4,Completed,1209.22,East,Low,236
237,1237,Toys,item_237,270.85,357.28,Pending,1450.93,North,Medium,237
238,1238,Electronics,item_238,490.15,296.01,Cancelled,2622.69,North,Low,238
239,1239,Toys,item_239,293.04,363.49,Cancelled,1467.32,West,High,239
240,1240,Clothing,item_240,25.47,474.62,Completed,612.81,West,Medium,240
241,1241,Furniture,item_241,348.35,211.08,Cancelled,2765.54,North,Low,241
242,1242,Clothing,item_242,284.83,499.08,Pending,1600.16,East,High,242
243,1243,Toys,item_243,177.74,183.6,Cancelled,2058.2,East,Low,243
244,1244,Clothing,item_244,146.71,156.26,Pending,2324.96,South,Low,244
245,1245,Grocery,item_245,245.1,284.64,Cancelled,856.7,North,Low,245
246,1246,Furniture,item_246,448.92,203.32,Pending,2866.1,South,Medium,246
247,1247,Electronics,item_247,179.72,226.76,Pending,2254.65,South,High,
248,1248,Grocery,item_248,467.18,351.12,Completed,372.22,South,High,248
249,1249,Toys,item_249,120.58,124.09,Completed,1269.24,West,High,249
250,1250,Clothing,item_250,12.54,279.67,Completed,1250.38,West,Medium,250
251,1251,Grocery,item_251,167.37,326.49,Completed,1974.28,South,Low,251
252,1252,Electronics,item_252,457.48,95.78,Completed,2805.07,North,Medium,252
253,1253,Clothing,item_253,468.94,481.44,Pending,2636.39,North,Medium,253
254,1254,Electronics,item_254,464.94,174.17,Pending,2967.84,West,High,254
255,1255,Furniture,item_255,143.69,406.32,Pending,529.36,West,Low,255
256,1256,Clothing,item_256,16.9,175.18,Pending,1724.95,South,High,256
257,1257,Furniture,item_257,415.23,262.49,Completed,1232.46,North,High,257
258,1258,Furniture,item_258,168.56,131.54,Pending,1181.54,West,Medium,258
259,1259,Grocery,item_259,295.41,290.71,Pending,1978.37,South,High,259
260,1260,Furniture,item_260,160.34,208.65,Cancelled,2773.16,East,Low,260
261,1261,Grocery,item_261,190.1,118.22,Completed,1460.64,West,Low,261
262,1262,Grocery,item_262,213.76,279.12,Pending,2284.18,South,High,262
263,1263,Toys,item_263,437.84,50.12,Pending,1608.11,East,High,263
264,1264,Electronics,item_264,40.26,278.35,Cancelled,646.36,South,High,264
265,1265,Toys,item_265,226.5,343.34,Cancelled,1770.29,North,Low,265
266,1266,Electronics,item_266,232.18,261.49,Pending,1713.54,West,Low,266
267,1267,Electronics,item_267,204.01,410.06,Cancelled,692.81,North,High,267
268,1268,Electronics,item_268,275.17,39.53,Completed,2959.1,West,High,268
269,1269,Clothing,item_269,386.8,385.26,Cancelled,1955.35,West,Medium,269
270,1270,Furniture,item_270,229.78,459.39,Pending,1158.15,South,Low,270
271,1271,Electronics,item_271,97.45,273.26,Cancelled,425.67,South,High,271
272,1272,Grocery,item_272,236.87,362.36,Pending,1619.2,South,High,272
273,1273,Clothing,item_273,145.07,469.33,Cancelled,2308.2,North,Low,273
274,1274,Electronics,item_274,127.93,42.97,Cancelled,149.05,North,High,274
275,1275,Furniture,item_275,225.09,274.48,Completed,463.4,East,High,275
276,1276,Toys,item_276,166.26,302.98,Cancelled,2464.23,South,Medium,276
277,1277,Toys,item_277,118.31,157.25,Completed,1692.32,South,Low,277
278,1278,Toys,item_278,252.85,486.42,Cancelled,2030.46,East,Low,278
279,1279,Clothing,item_279,156.95,100.1,Cancelled,1446.88,South,Medium,279
280,1280,Clothing,item_280,404.83,458.22,Cancelled,1267.4,West,Low,280
281,1281,Furniture,item_281,129.0,109.63,Cancelled,283.26,West,Medium,281
282,1282,Clothing,item_282,35.25,194.81,Cancelled,1828.62,North,High,282
283,1283,Toys,item_283,364.91,283.84,Pending,666.22,East,Medium,283
284,1284,Electronics,item_284,113.79,103.11,Cancelled,396.08,West,High,284
285,1285,Clothing,item_285,204.35,127.27,Pending,2337.77,West,Medium,285
286,1286,Grocery,item_286,161.13,186.23,Pending,1424.71,West,Medium,286
287,1287,Grocery,item_287,163.33,32.4,Completed,2236.69,North,Medium,287
288,1288,Toys,item_288,293.78,214.61,Completed,628.77,South,Medium,288
289,1289,Clothing,item_289,254.66,330.76,Cancelled,1045.81,West,Low,289
290,1290,Furniture,item_290,235.81,369.06,Pending,549.33,West,High,290
291,1291,Toys,item_291,495.26,479.05,Cancelled,149.78,North,Low,291
292,1292,Electronics,item_292,212.07,422.85,Completed,250.51,South,High,
293,1293,Furniture,item_293,192.87,312.74,Cancelled,2805.02,West,Low,293
294,1294,Electronics,item_294,270.78,211.56,Completed,1611.78,East,Low,294
295,1295,Electronics,item_295,256.09,351.95,Pending,2428.19,South,High,295
296,1296,Toys,item_296,82.96,104.05,Cancelled,794.63,East,Medium,296
297,1297,Electronics,item_297,192.8,208.95,Cancelled,767.46,South,Medium,297
298,1298,Electronics,item_298,330.33,430.53,Completed,325.83,West,Medium,298
299,1299,Electronics,item_299,322.01,354.39,Completed,1524.58,West,Low,299
300,1300,Toys,item_300,488.89,487.18,Cancelled,2761.5,South,High,300
301,1301,Toys,item_301,243.0,32.82,Completed,2069.06,East,Low,301
302,1302,Electronics,item_302,97.88,426.71,Completed,2886.33,South,Low,302
303,1303,Electronics,item_303,156.65,286.34,Cancelled,2512.22,West,Low,303
304,1304,Grocery,item_304,198.08,372.48,Cancelled,2186.28,East,High,304
305,1305,Clothing,item_305,420.95,176.89,Cancelled,2866.83,West,Medium,305
306,1306,Grocery,item_306,393.94,230.77,Completed,1099.64,West,Medium,
307,1307,Toys,item_307,333.73,51.99,Cancelled,921.37,South,Low,307
308,1308,Grocery,item_308,85.57,358.72,Cancelled,505.12,West,Medium,308
309,1309,Electronics,item_309,12.55,161.05,Pending,2295.97,North,High,309
310,1310,Furniture,item_310,229.93,281.82,Pending,354.71,North,Medium,310
311,1311,Toys,item_311,303.04,168.97,Pending,86.4,West,Medium,311
312,1312,Toys,item_312,453.55,489.3,Cancelled,1587.26,West,High,312
313,1313,Grocery,item_313,141.52,81.51,Completed,1332.29,West,Medium,313
314,1314,Electronics,item_314,186.95,472.67,Cancelled,1893.85,South,Medium,314
315,1315,Grocery,item_315,13.32,203.89,Cancelled,1170.68,East,Medium,315
316,1316,Toys,item_316,76.7,167.13,Cancelled,642.51,East,High,316
317,1317,Grocery,item_317,152.81,350.53,Pending,2904.9,South,Medium,317
318,1318,Furniture,item_318,188.86,466.71,Completed,1797.07,South,Low,318
319,1319,Electronics,item_319,476.97,236.19,Cancelled,668.46,East,Low,319
320,1320,Furniture,item_320,339.76,78.2,Pending,763.96,South,Low,320
321,1321,Furniture,item_321,46.24,495.44,Pending,1767.62,West,Low,321
322,1322,Grocery,item_322,353.8,408.03,Cancelled,1932.63,North,High,
323,1323,Grocery,item_323,91.51,310.21,Cancelled,2951.64,West,Medium,323
324,1324,Furniture,item_324,61.91,58.32,Completed,1556.49,South,Medium,324
325,1325,Furniture,item_325,388.45,298.41,Cancelled,494.7,North,Medium,325
326,1326,Furniture,item_326,461.07,52.07,Cancelled,467.94,East,Medium,326
327,1327,Clothing,item_327,265.35,180.67,Completed,1342.59,West,Medium,327
328,1328,Electronics,item_328,406.99,66.39,Pending,1961.51,South,Low,328
329,1329,Clothing,item_329,280.44,172.18,Pending,2877.46,South,Medium,329
330,1330,Clothing,item_330,323.83,221.75,Completed,2225.3,South,Medium,330
331,1331,Furniture,item_331,12.18,115.25,Pending,2269.36,North,Low,331
332,1332,Toys,item_332,101.61,169.73,Pending,386.17,West,Low,332
333,1333,Grocery,item_333,302.52,309.54,Cancelled,386.98,East,Medium,333
334,1334,Grocery,item_334,460.15,299.18,Cancelled,445.15,North,High,334
335,1335,Clothing,item_335,192.92,79.27,Pending,1283.81,South,Low,335
336,1336,Clothing,item_336,248.47,273.32,Cancelled,2795.55,South,Low,336
337,1337,Grocery,item_337,78.75,164.14,Pending,1877.26,East,High,337
338,1338,Clothing,item_338,409.46,482.28,Cancelled,1976.56,West,Low,338
339,1339,Furniture,item_339,249.46,50.51,Completed,2397.85,South,Medium,339
340,1340,Clothing,item_340,273.43,92.42,Pending,1718.67,West,Low,
341,1341,Toys,item_341,65.96,389.81,Pending,1649.03,North,Low,341
342,1342,Clothing,item_342,494.99,60.18,Cancelled,2266.47,East,High,342
343,1343,Grocery,item_343,432.48,52.62,Completed,2338.11,South,High,343
344,1344,Toys,item_344,347.68,431.91,Cancelled,1916.67,South,Low,344
345,1345,Clothing,item_345,408.63,404.67,Cancelled,1084.91,East,Low,345
346,1346,Grocery,item_346,489.71,153.39,Cancelled,838.66,North,High,346
347,1347,Furniture,item_347,460.2,496.32,Cancelled,424.32,South,High,347
348,1348,Grocery,item_348,415.96,383.12,Cancelled,1208.47,South,Low,348
349,1349,Furniture,item_349,193.83,47.0,Completed,1238.41,East,Low,349
350,1350,Grocery,item_350,232.8,249.14,Cancelled,57.3,North,Low,350
351,1351,Grocery,item_351,426.55,399.88,Pending,692.6,West,High,351
352,1352,Grocery,item_352,415.89,175.5,Cancelled,435.25,West,Medium,352
353,1353,Electronics,item_353,32.51,316.83,Pending,98.03,South,Medium,353
354,1354,Furniture,item_354,109.14,347.41,Completed,2652.34,East,High,354
355,1355,Grocery,item_355,55.74,186.61,Completed,1146.94,South,High,355
356,1356,Grocery,item_356,365.73,380.06,Pending,1983.68,North,High,356
357,1357,Electronics,item_357,75.02,120.83,Cancelled,1362.95,North,Low,357
358,1358,Electronics,item_358,494.2,216.93,Completed,1459.22,South,Medium,358
359,1359,Electronics,item_359,60.57,190.11,Pending,454.53,South,Low,359
360,1360,Clothing,item_360,43.52,286.01,Cancelled,1967.56,West,Medium,360
361,1361,Clothing,item_361,460.75,311.88,Pending,2586.89,North,High,361
362,1362,Electronics,item_362,298.89,198.18,Pending,977.79,South,High,362
363,1363,Electronics,item_363,131.6,304.49,Cancelled,1842.4,North,Low,363
364,1364,Clothing,item_364,263.7,259.67,Cancelled,1205.67,North,High,364
365,1365,Electronics,item_365,128.13,322.66,Completed,1608.45,North,Medium,365
366,1366,Clothing,item_366,199.55,421.1,Pending,1127.97,South,Medium,366
367,1367,Electronics,item_367,18.18,43.09,Pending,686.44,North,Medium,367
368,1368,Toys,item_368,385.88,217.55,Pending,293.16,South,Medium,368
369,1369,Electronics,item_369,260.54,109.57,Completed,1632.35,West,Low,369
370,1370,Electronics,item_370,161.98,224.37,Completed,220.82,North,Medium,370
371,1371,Toys,item_371,308.33,161.55,Cancelled,1991.25,South,High,371
372,1372,Clothing,item_372,353.73,90.28,Pending,1592.87,East,High,
373,1373,Grocery,item_373,369.14,67.85,Completed,1038.28,West,Medium,373
374,1374,Grocery,item_374,359.04,292.56,Completed,1513.64,East,High,374
375,1375,Toys,item_375,91.77,87.08,Completed,2688.09,North,High,375
376,1376,Electronics,item_376,31.58,432.83,Completed,185.65,East,Medium,376
377,1377,Clothing,item_377,466.27,430.17,Cancelled,2419.19,West,High,377
378,1378,Furniture,item_378,458.77,166.77,Completed,1736.03,North,Low,378
379,1379,Electronics,item_379,97.88,404.13,Completed,2864.53,North,Medium,379
380,1380,Grocery,item_380,170.38,281.01,Completed,1138.31,East,Low,380
381,1381,Toys,item_381,128.87,190.45,Pending,2993.47,South,Low,381
382,1382,Clothing,item_382,83.78,466.87,Completed,737.34,East,Low,382
383,1383,Electronics,item_383,475.99,10.72,Cancelled,1160.01,East,High,383
384,1384,Clothing,item_384,215.71,480.98,Completed,2149.37,North,High,384
385,1385,Toys,item_385,212.4,448.83,Pending,2924.94,North,Low,385
386,1386,Clothing,item_386,322.24,203.23,Cancelled,1725.07,West,Low,386
387,1387,Clothing,item_387,152.92,426.95,Pending,2117.14,East,Medium,387
388,1388,Clothing,item_388,46.6,109.33,Cancelled,371.47,North,High,388
389,1389,Grocery,item_389,209.19,272.6,Completed,1383.16,West,Medium,389
390,1390,Electronics,item_390,87.23,346.17,Cancelled,2105.79,North,High,390
391,1391,Grocery,item_391,82.68,358.47,Pending,1218.92,North,Low,391
392,1392,Clothing,item_392,25.23,208.15,Pending,1690.06,South,High,392
393,1393,Clothing,item_393,69.51,40.22,Completed,435.61,West,Medium,393
394,1394,Electronics,item_394,295.34,136.82,Completed,114.31,North,High,394
395,1395,Furniture,item_395,406.56,55.07,Pending,411.46,West,High,395
396,1396,Toys,item_396,222.25,364.97,Pending,136.97,West,High,396
397,1397,Clothing,item_397,144.74,228.55,Completed,152.22,South,Low,397
398,1398,Furniture,item_398,442.56,244.73,Completed,875.34,South,Medium,398
399,1399,Toys,item_399,132.08,497.1,Cancelled,2394.8,West,Low,399
400,1400,Toys,item_400,392.9,178.58,Cancelled,1532.06,West,Medium,400
401,1401,Grocery,item_401,302.59,24.36,Pending,222.84,West,Low,401
402,1402,Toys,item_402,499.81,487.25,Completed,781.18,South,Medium,402
403,1403,Electronics,item_403,384.38,474.42,Cancelled,2547.19,West,Medium,403
404,1404,Clothing,item_404,96.29,300.33,Cancelled,2108.0,North,Low,404
405,1405,Toys,item_405,286.17,285.92,Completed,2518.26,West,Low,405
406,1406,Furniture,item_406,28.6,37.52,Cancelled,695.49,West,High,406
407,1407,Toys,item_407,108.72,73.94,Cancelled,573.51,East,High,407
408,1408,Toys,item_408,355.3,79.41,Completed,2547.12,East,High,
409,1409,Furniture,item_409,297.15,174.91,Pending,452.53,South,Low,409
410,1410,Furniture,item_410,328.1,95.36,Cancelled,2096.0,East,High,410
411,1411,Clothing,item_411,195.41,369.66,Pending,425.68,North,Low,411
412,1412,Furniture,item_412,426.87,387.71,Cancelled,145.53,East,Low,412
413,1413,Toys,item_413,61.01,253.13,Pending,2248.76,South,Medium,413
414,1414,Clothing,item_414,321.73,481.91,Cancelled,2026.57,East,Medium,414
415,1415,Clothing,item_415,132.28,43.22,Pending,2371.71,North,High,
416,1416,Furniture,item_416,484.86,443.43,Pending,2651.22,East,Low,416
417,1417,Furniture,item_417,396.48,293.25,Cancelled,715.47,West,High,417
418,1418,Electronics,item_418,154.51,166.17,Completed,268.89,South,Medium,418
419,1419,Electronics,item_419,278.05,450.08,Completed,1046.95,West,Low,419
420,1420,Clothing,item_420,307.59,222.76,Completed,348.71,South,High,
421,1421,Toys,item_421,363.8,367.69,Pending,1998.76,East,High,421
422,1422,Furniture,item_422,290.17,421.53,Completed,210.79,North,Medium,422
423,1423,Toys,item_423,245.36,57.52,Completed,553.95,East,High,423
424,1424,Electronics,item_424,161.09,204.76,Pending,2689.89,East,High,424
425,1425,Furniture,item_425,100.59,443.89,Pending,600.42,North,Medium,425
426,1426,Grocery,item_426,120.86,141.6,Completed,495.84,North,High,426
427,1427,Toys,item_427,212.85,380.66,Completed,1683.13,West,Low,427
428,1428,Toys,item_428,346.66,468.82,Cancelled,2650.88,West,Medium,428
429,1429,Electronics,item_429,256.03,451.22,Cancelled,2048.73,South,High,429
430,1430,Furniture,item_430,94.71,492.34,Completed,2434.96,South,High,430
431,1431,Furniture,item_431,108.94,413.06,Completed,2510.62,East,Medium,431
432,1432,Electronics,item_432,52.64,282.62,Cancelled,1012.07,East,Low,432
433,1433,Electronics,item_433,395.41,315.3,Cancelled,2355.97,North,Medium,433
434,1434,Toys,item_434,298.09,381.6,Completed,2778.54,North,Medium,434
435,1435,Grocery,item_435,440.17,139.43,Cancelled,1482.48,West,High,435
436,1436,Furniture,item_436,80.49,308.24,Cancelled,1235.07,West,Medium,436
437,1437,Electronics,item_437,375.42,461.21,Pending,109.69,East,Medium,437
438,1438,Furniture,item_438,430.54,345.58,Completed,446.44,West,Medium,438
439,1439,Furniture,item_439,306.44,53.75,Pending,673.6,West,Low,439
440,1440,Toys,item_440,434.92,412.3,Cancelled,2384.9,North,Medium,440
441,1441,Furniture,item_441,76.47,427.13,Cancelled,135.4,South,High,441
442,1442,Clothing,item_442,26.2,34.77,Pending,2128.67,East,Medium,442
443,1443,Toys,item_443,204.5,462.31,Cancelled,140.16,East,Medium,443
444,1444,Clothing,item_444,480.65,242.55,Cancelled,1081.79,South,Medium,444
445,1445,Electronics,item_445,149.68,199.42,Completed,2568.77,South,High,445
446,1446,Clothing,item_446,141.85,210.66,Completed,2600.66,North,Medium,446
447,1447,Clothing,item_447,304.56,14.15,Pending,1844.61,East,Low,447
448,1448,Grocery,item_448,217.67,194.47,Pending,1404.04,South,Medium,448
449,1449,Toys,item_449,413.91,204.6,Completed,71.68,East,Low,449
450,1450,Toys,item_450,148.51,345.36,Pending,238.32,East,Low,450
451,1451,Grocery,item_451,137.96,358.44,Cancelled,931.43,South,Low,451
452,1452,Electronics,item_452,404.66,403.16,Cancelled,1242.09,East,Low,452
453,1453,Electronics,item_453,331.15,498.76,Pending,2725.39,West,Medium,453
454,1454,Toys,item_454,356.95,290.3,Completed,1062.34,South,Low,454
455,1455,Furniture,item_455,454.2,339.22,Cancelled,935.57,South,Low,455
456,1456,Clothing,item_456,153.95,240.68,Cancelled,813.02,South,Low,456
457,1457,Electronics,item_457,118.9,119.43,Pending,1290.39,East,Medium,457
458,1458,Grocery,item_458,237.24,67.71,Completed,2605.86,North,Medium,458
459,1459,Toys,item_459,68.71,343.54,Cancelled,930.15,North,High,459
460,1460,Clothing,item_460,177.91,493.72,Pending,472.51,South,High,460
461,1461,Clothing,item_461,163.57,38.43,Pending,856.91,South,Low,461
462,1462,Furniture,item_462,394.75,392.08,Completed,1862.72,West,Medium,462
463,1463,Furniture,item_463,197.83,28.49,Completed,2205.44,North,Medium,463
464,1464,Toys,item_464,103.38,341.61,Cancelled,2214.13,South,Low,464
465,1465,Grocery,item_465,73.18,197.94,Cancelled,953.04,North,High,465
466,1466,Grocery,item_466,233.4,264.94,Cancelled,1046.61,South,Medium,466
467,1467,Furniture,item_467,186.03,102.33,Pending,106.42,South,Low,467
468,1468,Clothing,item_468,369.7,298.95,Completed,413.33,North,Medium,468
469,1469,Grocery,item_469,387.91,315.34,Cancelled,2984.31,North,Low,469
470,1470,Electronics,item_470,347.98,214.22,Pending,414.61,East,Medium,470
471,1471,Clothing,item_471,350.64,318.85,Pending,1291.57,North,Low,471
472,1472,Toys,item_472,306.76,77.21,Completed,1559.18,North,Medium,472
473,1473,Electronics,item_473,253.89,308.41,Pending,2502.92,South,Medium,473
474,1474,Grocery,item_474,88.58,278.59,Completed,2080.2,West,Medium,474
475,1475,Electronics,item_475,339.1,454.37,Cancelled,2023.61,South,High,475
476,1476,Electronics,item_476,364.55,59.63,Pending,1950.79,West,Medium,476
477,1477,Electronics,item_477,58.91,95.6,Completed,2564.13,East,Low,477
478,1478,Electronics,item_478,56.55,381.52,Completed,78.53,South,Low,478
479,1479,Grocery,item_479,185.19,224.48,Cancelled,841.51,North,Medium,479
480,1480,Clothing,item_480,65.78,206.12,Pending,851.91,West,Low,480
481,1481,Furniture,item_481,327.93,400.49,Completed,440.91,North,High,481
482,1482,Toys,item_482,246.51,288.78,Pending,584.72,West,Medium,482
483,1483,Clothing,item_483,246.71,249.18,Pending,1350.03,North,Medium,483
484,1484,Electronics,item_484,355.24,342.19,Cancelled,1751.11,South,Low,484
485,1485,Toys,item_485,266.32,353.28,Completed,1326.9,South,Medium,485
486,1486,Furniture,item_486,82.84,414.95,Cancelled,210.97,South,Low,486
487,1487,Furniture,item_487,436.01,46.68,Pending,995.87,East,Medium,487
488,1488,Clothing,item_488,279.74,195.53,Completed,282.55,West,Low,488
489,1489,Furniture,item_489,229.06,68.17,Pending,2248.45,North,High,489
490,1490,Electronics,item_490,282.99,10.08,Completed,2385.76,East,Low,490
491,1491,Furniture,item_491,475.67,188.04,Completed,2458.94,West,Medium,491
492,1492,Toys,item_492,303.98,361.16,Pending,2161.94,North,High,492
493,1493,Clothing,item_493,11.08,184.02,Cancelled,2895.08,East,Low,493
494,1494,Electronics,item_494,32.43,90.44,Completed,2474.42,West,High,494
495,1495,Clothing,item_495,101.9,465.81,Pending,685.99,South,Low,495
496,1496,Furniture,item_496,32.79,320.29,Cancelled,1786.99,West,Medium,496
497,1497,Toys,item_497,75.97,254.43,Cancelled,2221.83,West,Low,497
498,1498,Toys,item_498,392.73,455.99,Cancelled,1756.74,South,High,498
499,1499,Toys,item_499,307.02,167.7,Pending,1285.06,South,Medium,499
500,1500,Grocery,item_500,485.54,231.89,Completed,457.63,East,Low,500
501,1501,Grocery,item_501,358.82,468.4,Cancelled,691.16,South,Low,501
502,1502,Grocery,item_502,461.38,75.01,Cancelled,1967.75,South,Low,502
503,1503,Grocery,item_503,358.07,382.78,Cancelled,1467.09,West,Low,503
504,1504,Toys,item_504,150.1,425.18,Completed,1592.05,North,Medium,504
505,1505,Electronics,item_505,107.95,377.59,Completed,2951.42,East,High,505
506,1506,Grocery,item_506,109.96,275.17,Pending,2451.38,North,Low,506
507,1507,Toys,item_507,433.77,373.78,Cancelled,1197.22,East,Low,507
508,1508,Furniture,item_508,199.9,478.78,Cancelled,972.33,North,High,508
509,1509,Clothing,item_509,314.08,392.65,Pending,2498.45,East,Low,509
510,1510,Toys,item_510,106.27,365.21,Completed,917.82,South,Low,510
511,1511,Clothing,item_511,370.19,68.48,Completed,1314.1,East,High,511
512,1512,Grocery,item_512,12.77,238.5,Completed,167.82,East,Low,512
513,1513,Toys,item_513,423.14,157.57,Cancelled,1672.97,North,Low,513
514,1514,Clothing,item_514,478.92,265.1,Cancelled,520.14,West,High,514
515,1515,Clothing,item_515,335.03,172.22,Pending,694.41,West,Low,515
516,1516,Electronics,item_516,66.21,179.54,Completed,2718.26,South,High,516
517,1517,Grocery,item_517,196.87,400.14,Completed,1188.33,East,High,517
518,1518,Grocery,item_518,262.01,259.28,Pending,179.36,South,Medium,518
519,1519,Electronics,item_519,92.02,478.58,Cancelled,1622.96,North,High,519
520,1520,Clothing,item_520,433.83,217.86,Completed,656.46,West,Low,520
521,1521,Electronics,item_521,375.98,85.34,Pending,2164.76,North,High,521
522,1522,Clothing,item_522,399.17,283.46,Cancelled,2473.78,East,Medium,522
523,1523,Furniture,item_523,222.18,18.28,Cancelled,399.0,North,Low,523
524,1524,Electronics,item_524,380.42,296.95,Cancelled,2552.34,East,Low,524
525,1525,Grocery,item_525,307.22,147.94,Pending,1175.17,North,Medium,525
526,1526,Clothing,item_526,76.83,201.59,Cancelled,920.19,South,Medium,526
527,1527,Grocery,item_527,479.12,15.46,Cancelled,467.05,North,High,527
528,1528,Furniture,item_528,273.2,474.02,Pending,669.66,East,High,528
529,1529,Toys,item_529,79.8,100.16,Cancelled,2512.51,South,High,529
530,1530,Toys,item_530,427.6,427.18,Cancelled,1410.73,North,Medium,530
531,1531,Grocery,item_531,58.12,365.54,Pending,2857.04,East,High,531
532,1532,Clothing,item_532,59.02,313.56,Completed,987.47,West,Medium,532
533,1533,Grocery,item_533,349.79,84.67,Cancelled,1125.26,East,Medium,533
534,1534,Grocery,item_534,130.63,118.55,Cancelled,1940.47,East,Medium,534
535,1535,Grocery,item_535,440.16,236.8,Pending,2335.56,West,Low,535
536,1536,Toys,item_536,50.17,147.5,Completed,2679.33,South,Medium,536
537,1537,Electronics,item_537,366.44,447.13,Cancelled,1913.3,West,Low,537
538,1538,Electronics,item_538,280.28,276.3,Cancelled,1442.71,South,Medium,538
539,1539,Toys,item_539,369.28,152.59,Pending,1528.31,North,Medium,539
540,1540,Electronics,item_540,334.71,425.51,Cancelled,2068.28,South,Medium,540
541,1541,Toys,item_541,474.87,333.11,Completed,2220.96,West,Medium,541
542,1542,Furniture,item_542,123.56,139.53,Completed,176.28,South,Low,
543,1543,Grocery,item_543,200.17,459.77,Completed,167.72,East,High,543
544,1544,Toys,item_544,320.45,144.01,Cancelled,826.78,South,Medium,544
545,1545,Grocery,item_545,297.96,450.13,Completed,1574.16,West,High,545
546,1546,Grocery,item_546,410.45,179.07,Pending,2667.16,North,Low,546
547,1547,Furniture,item_547,91.15,47.77,Cancelled,878.39,South,High,547
548,1548,Toys,item_548,361.48,67.98,Completed,1273.11,East,Low,548
549,1549,Furniture,item_549,244.72,299.49,Cancelled,2508.43,North,High,549
550,1550,Toys,item_550,300.25,76.01,Cancelled,165.61,South,High,
551,1551,Clothing,item_551,263.15,208.67,Cancelled,1930.99,East,High,551
552,1552,Toys,item_552,496.46,434.98,Completed,697.12,West,Low,552
553,1553,Toys,item_553,412.02,99.12,Cancelled,1556.87,South,Low,553
554,1554,Furniture,item_554,302.3,43.73,Pending,1187.11,North,High,554
555,1555,Toys,item_555,345.34,414.99,Cancelled,334.08,West,Low,555
556,1556,Toys,item_556,256.63,67.58,Pending,1995.21,North,Low,556
557,1557,Toys,item_557,216.14,438.66,Cancelled,1612.96,South,Medium,557
558,1558,Furniture,item_558,181.75,404.26,Cancelled,1749.56,West,High,558
559,1559,Clothing,item_559,455.94,51.07,Cancelled,2636.46,West,Medium,559
560,1560,Electronics,item_560,293.21,67.74,Completed,1156.34,South,Low,560
561,1561,Furniture,item_561,187.51,85.84,Cancelled,1776.84,East,Low,561
562,1562,Grocery,item_562,309.82,495.98,Pending,2277.17,West,Low,562
563,1563,Furniture,item_563,97.57,283.96,Pending,798.64,East,Low,563
564,1564,Furniture,item_564,370.53,428.95,Cancelled,401.3,South,Medium,564
565,1565,Clothing,item_565,59.14,259.09,Pending,2412.52,North,High,565
566,1566,Electronics,item_566,404.14,413.4,Pending,2781.29,West,High,566
567,1567,Clothing,item_567,191.71,308.42,Cancelled,1183.76,West,Low,567
568,1568,Grocery,item_568,358.69,302.76,Completed,1938.86,West,High,568
569,1569,Toys,item_569,150.14,26.47,Cancelled,1556.12,South,Low,569
570,1570,Electronics,item_570,186.27,330.96,Completed,306.19,East,Medium,570
571,1571,Furniture,item_571,208.67,108.15,Completed,2223.93,North,High,571
572,1572,Toys,item_572,458.35,180.57,Pending,717.57,South,Medium,572
573,1573,Toys,item_573,12.28,95.77,Cancelled,364.07,North,Low,573
574,1574,Electronics,item_574,403.44,478.79,Cancelled,2448.78,East,Low,574
575,1575,Furniture,item_575,285.95,387.28,Pending,2885.65,West,Low,575
576,1576,Toys,item_576,432.39,246.17,Pending,249.29,South,Low,576
577,1577,Grocery,item_577,212.09,183.02,Cancelled,78.68,East,High,577
578,1578,Furniture,item_578,340.11,412.33,Completed,1685.93,South,Medium,578
579,1579,Clothing,item_579,448.21,141.85,Cancelled,2065.17,South,Medium,579
580,1580,Clothing,item_580,370.36,437.64,Completed,726.16,South,Low,580
581,1581,Electronics,item_581,68.74,48.46,Cancelled,1503.36,North,Low,581
582,1582,Furniture,item_582,191.89,164.55,Cancelled,2612.87,West,High,582
583,1583,Toys,item_583,147.33,118.83,Cancelled,428.33,West,Medium,583
584,1584,Electronics,item_584,256.21,202.92,Cancelled,2338.92,West,High,584
585,1585,Furniture,item_585,164.67,14.13,Cancelled,671.72,North,Medium,585
586,1586,Grocery,item_586,101.7,138.8,Pending,1440.47,East,Medium,586
587,1587,Furniture,item_587,113.16,353.35,Pending,1126.98,West,Medium,587
588,1588,Toys,item_588,74.26,292.19,Completed,2451.86,East,High,588
589,1589,Furniture,item_589,106.07,402.02,Cancelled,491.17,North,High,589
590,1590,Clothing,item_590,497.83,426.2,Cancelled,1625.25,East,Medium,590
591,1591,Toys,item_591,430.67,33.38,Completed,2087.1,North,High,591
592,1592,Furniture,item_592,421.1,57.19,Cancelled,1037.24,East,Medium,592
593,1593,Grocery,item_593,178.63,211.76,Pending,2608.74,South,Low,593
594,1594,Toys,item_594,95.52,392.35,Pending,1009.02,West,Low,594
595,1595,Electronics,item_595,196.72,150.4,Cancelled,2871.95,South,Low,595
596,1596,Grocery,item_596,216.69,310.03,Pending,2554.26,North,High,596
597,1597,Clothing,item_597,163.61,329.98,Cancelled,839.04,West,Medium,597
598,1598,Grocery,item_598,376.47,265.26,Pending,1271.27,South,High,598
599,1599,Clothing,item_599,334.39,470.81,Cancelled,2261.73,South,High,599
600,1600,Electronics,item_600,41.26,440.56,Cancelled,208.79,West,Low,600
601,1601,Electronics,item_601,60.92,312.87,Completed,1981.76,West,Medium,601
602,1602,Grocery,item_602,227.15,71.94,Cancelled,2523.63,North,High,602
603,1603,Grocery,item_603,433.48,238.92,Cancelled,2807.83,West,High,603
604,1604,Toys,item_604,96.75,302.82,Cancelled,2259.29,West,Low,604
605,1605,Toys,item_605,161.73,180.11,Cancelled,720.03,North,Medium,605
606,1606,Furniture,item_606,137.31,158.75,Completed,1593.78,South,Medium,606
607,1607,Toys,item_607,14.08,461.82,Pending,933.85,West,Medium,607
608,1608,Electronics,item_608,278.62,102.4,Cancelled,1339.46,South,High,608
609,1609,Furniture,item_609,415.93,118.09,Completed,1295.61,South,Low,609
610,1610,Toys,item_610,405.71,345.47,Pending,1962.95,East,Medium,610
611,1611,Electronics,item_611,99.38,151.9,Cancelled,1393.26,West,Medium,611
612,1612,Furniture,item_612,102.02,19.5,Completed,2910.66,North,High,612
613,1613,Grocery,item_613,141.91,360.45,Cancelled,74.2,North,High,613
614,1614,Clothing,item_614,177.54,162.67,Pending,2993.99,West,Low,
615,1615,Grocery,item_615,49.31,377.78,Completed,215.31,West,High,615
616,1616,Clothing,item_616,104.17,422.35,Pending,2493.34,North,Low,616
617,1617,Furniture,item_617,131.11,497.32,Completed,1409.46,North,Low,617
618,1618,Clothing,item_618,241.68,343.91,Pending,2811.83,South,Low,618
619,1619,Toys,item_619,265.25,134.12,Cancelled,931.5,East,High,619
620,1620,Clothing,item_620,486.9,125.62,Pending,1007.31,South,Medium,620
621,1621,Furniture,item_621,396.68,14.38,Completed,1764.18,West,Low,621
622,1622,Grocery,item_622,387.69,131.87,Pending,319.63,East,Low,622
623,1623,Grocery,item_623,325.84,353.65,Completed,421.19,South,Medium,623
624,1624,Grocery,item_624,404.71,224.97,Completed,112.99,West,Medium,624
625,1625,Grocery,item_625,450.34,247.8,Pending,1699.12,West,High,625
626,1626,Toys,item_626,180.36,368.88,Pending,2609.6,South,High,626
627,1627,Furniture,item_627,154.88,139.04,Pending,1389.53,West,Low,627
628,1628,Electronics,item_628,313.67,188.4,Cancelled,754.42,North,Low,628
629,1629,Furniture,item_629,103.04,344.78,Cancelled,504.69,East,Medium,629
630,1630,Grocery,item_630,64.13,266.37,Completed,179.14,South,High,630
631,1631,Clothing,item_631,62.46,103.89,Completed,1734.49,West,Low,631
632,1632,Toys,item_632,353.64,135.41,Pending,701.13,North,High,632
633,1633,Clothing,item_633,331.32,464.92,Completed,1430.77,North,Medium,633
634,1634,Furniture,item_634,412.79,399.18,Completed,2479.75,East,Low,634
635,1635,Electronics,item_635,418.88,48.19,Completed,2883.73,North,High,
636,1636,Toys,item_636,198.81,104.63,Cancelled,783.85,South,Low,636
637,1637,Furniture,item_637,375.59,385.48,Cancelled,1105.99,West,Low,637
638,1638,Electronics,item_638,91.74,98.39,Pending,1538.84,South,Low,638
639,1639,Furniture,item_639,467.42,452.22,Cancelled,2974.82,East,Medium,639
640,1640,Furniture,item_640,414.82,168.49,Completed,1711.28,South,Medium,640
641,1641,Grocery,item_641,186.4,231.68,Pending,50.58,North,Medium,641
642,1642,Toys,item_642,76.19,446.26,Completed,935.99,South,High,642
643,1643,Electronics,item_643,388.05,472.24,Pending,2761.38,South,High,643
644,1644,Grocery,item_644,86.49,139.84,Cancelled,787.08,East,Medium,
645,1645,Furniture,item_645,288.84,116.54,Completed,2184.56,West,High,645
646,1646,Toys,item_646,411.56,56.73,Cancelled,936.16,West,High,646
647,1647,Grocery,item_647,180.49,410.4,Pending,2794.23,North,High,647
648,1648,Toys,item_648,465.04,320.6,Cancelled,1178.34,East,Low,648
649,1649,Toys,item_649,286.81,170.15,Cancelled,701.35,North,Low,
650,1650,Furniture,item_650,485.81,378.89,Cancelled,1538.95,South,Medium,650
651,1651,Furniture,item_651,82.53,174.72,Pending,1735.75,North,Low,651
652,1652,Electronics,item_652,205.28,222.9,Cancelled,434.61,South,Medium,652
653,1653,Furniture,item_653,203.71,289.95,Cancelled,1867.19,South,High,653
654,1654,Furniture,item_654,168.47,462.83,Completed,381.96,West,Medium,654
655,1655,Clothing,item_655,167.16,301.0,Completed,2320.56,South,Medium,655
656,1656,Furniture,item_656,315.36,225.83,Completed,639.07,East,High,656
657,1657,Electronics,item_657,65.06,36.72,Cancelled,2783.85,East,High,657
658,1658,Electronics,item_658,159.51,240.88,Pending,666.58,South,High,658
659,1659,Grocery,item_659,278.91,315.29,Completed,2100.46,North,Medium,659
660,1660,Toys,item_660,31.31,93.46,Pending,642.05,East,High,660
661,1661,Electronics,item_661,42.63,333.58,Cancelled,2563.64,East,High,661
662,1662,Furniture,item_662,123.27,196.54,Cancelled,343.83,East,Medium,
663,1663,Toys,item_663,53.13,107.45,Pending,1704.03,North,High,663
664,1664,Toys,item_664,159.41,250.07,Cancelled,513.17,East,Low,664
665,1665,Grocery,item_665,125.74,489.34,Cancelled,863.84,North,Low,665
666,1666,Furniture,item_666,446.3,409.28,Completed,2835.2,East,High,666
667,1667,Furniture,item_667,331.9,53.02,Pending,1586.12,South,Medium,667
668,1668,Clothing,item_668,218.97,163.07,Cancelled,1021.39,South,High,668
669,1669,Toys,item_669,275.26,402.05,Completed,961.55,South,Medium,669
670,1670,Clothing,item_670,331.55,286.77,Completed,986.61,North,High,670
671,1671,Clothing,item_671,366.27,385.06,Pending,2885.53,East,Medium,671
672,1672,Grocery,item_672,84.46,102.09,Completed,595.0,East,Low,672
673,1673,Clothing,item_673,302.22,123.15,Completed,1109.82,West,High,673
674,1674,Toys,item_674,239.69,328.29,Completed,2563.78,West,Medium,674
675,1675,Clothing,item_675,120.87,210.21,Completed,2780.03,West,High,675
676,1676,Clothing,item_676,381.31,42.41,Pending,2608.03,West,Low,676
677,1677,Furniture,item_677,444.92,219.5,Completed,1843.39,West,Low,677
678,1678,Toys,item_678,470.18,290.25,Cancelled,1599.43,North,Low,678
679,1679,Furniture,item_679,415.23,30.78,Completed,1580.17,West,Low,679
680,1680,Furniture,item_680,262.9,319.02,Completed,610.06,West,Medium,
681,1681,Grocery,item_681,236.06,217.01,Cancelled,2761.15,South,Medium,681
682,1682,Furniture,item_682,54.32,255.32,Completed,2347.26,South,Medium,682
683,1683,Furniture,item_683,22.21,232.3,Cancelled,2692.59,West,High,683
684,1684,Clothing,item_684,362.0,70.54,Completed,2133.37,East,High,684
685,1685,Furniture,item_685,366.17,487.84,Cancelled,2851.77,West,Low,685
686,1686,Clothing,item_686,457.0,287.09,Cancelled,2594.88,South,High,686
687,1687,Electronics,item_687,215.6,161.66,Pending,901.9,South,High,687
688,1688,Clothing,item_688,11.73,385.04,Completed,1403.0,West,Low,688
689,1689,Toys,item_689,442.52,126.56,Cancelled,1995.44,West,Medium,689
690,1690,Toys,item_690,304.05,129.91,Cancelled,870.43,South,High,690
691,1691,Electronics,item_691,330.11,27.99,Completed,2017.64,East,Medium,691
692,1692,Electronics,item_692,63.35,496.93,Completed,2032.67,South,Medium,692
693,1693,Grocery,item_693,466.43,55.63,Pending,1002.32,West,High,693
694,1694,Toys,item_694,41.81,240.7,Completed,2099.13,East,Medium,694
695,1695,Toys,item_695,112.82,112.43,Completed,372.44,North,Medium,695
696,1696,Toys,item_696,467.61,493.28,Pending,1309.81,East,Medium,696
697,1697,Toys,item_697,183.39,73.56,Cancelled,1514.37,West,Medium,697
698,1698,Toys,item_698,124.03,152.34,Completed,54.66,North,Medium,698
699,1699,Electronics,item_699,371.36,111.59,Cancelled,2997.01,West,High,699
700,1700,Toys,item_700,404.96,114.05,Cancelled,643.5,East,Medium,700
701,1701,Grocery,item_701,157.14,279.5,Completed,385.82,East,Medium,701
702,1702,Toys,item_702,311.84,24.27,Completed,622.35,East,Low,702
703,1703,Furniture,item_703,400.65,326.37,Pending,508.39,West,Low,703
704,1704,Furniture,item_704,394.15,212.84,Cancelled,215.27,East,Low,704
705,1705,Grocery,item_705,282.04,19.17,Cancelled,2072.21,East,High,705
706,1706,Grocery,item_706,421.96,176.18,Pending,1898.21,South,Low,706
707,1707,Clothing,item_707,301.64,433.65,Pending,2130.54,East,Low,707
708,1708,Furniture,item_708,52.53,439.75,Pending,1383.12,East,High,
709,1709,Clothing,item_709,64.99,394.62,Completed,2744.39,West,Low,709
710,1710,Furniture,item_710,453.43,85.5,Pending,2774.73,East,Medium,
711,1711,Electronics,item_711,412.85,469.63,Cancelled,2978.53,South,Low,711
712,1712,Furniture,item_712,359.7,265.95,Completed,967.39,North,Low,
713,1713,Electronics,item_713,173.31,445.7,Completed,1585.7,East,High,713
714,1714,Grocery,item_714,323.04,112.82,Completed,618.01,East,Low,714
715,1715,Furniture,item_715,338.85,143.6,Completed,857.23,North,Low,715
716,1716,Electronics,item_716,111.22,181.66,Pending,849.6,East,Low,716
717,1717,Electronics,item_717,162.58,447.2,Cancelled,1358.76,South,High,717
718,1718,Electronics,item_718,61.9,36.36,Pending,1206.15,West,Low,718
719,1719,Grocery,item_719,410.55,359.32,Cancelled,2437.43,North,Medium,719
720,1720,Electronics,item_720,408.3,460.65,Pending,336.93,East,Low,720
721,1721,Furniture,item_721,240.57,474.25,Completed,2590.23,East,Medium,721
722,1722,Grocery,item_722,396.5,442.38,Pending,1488.14,North,Medium,722
723,1723,Furniture,item_723,236.01,93.69,Pending,1833.1,South,Low,723
724,1724,Electronics,item_724,169.68,328.23,Pending,1621.6,West,Low,724
725,1725,Toys,item_725,129.41,87.92,Pending,1182.26,East,High,725
726,1726,Toys,item_726,221.26,490.3,Cancelled,2372.61,South,High,726
727,1727,Electronics,item_727,372.29,358.84,Pending,387.25,West,Medium,727
728,1728,Furniture,item_728,96.33,478.38,Completed,1814.86,West,Medium,728
729,1729,Electronics,item_729,54.36,410.35,Cancelled,2714.61,North,High,729
730,1730,Furniture,item_730,270.32,201.09,Cancelled,1369.12,South,Low,730
731,1731,Grocery,item_731,289.44,457.47,Pending,2759.58,West,Low,731
732,1732,Grocery,item_732,495.24,295.54,Cancelled,2959.94,West,High,732
733,1733,Electronics,item_733,190.92,278.95,Completed,52.49,East,High,733
734,1734,Electronics,item_734,125.27,354.09,Pending,1894.38,West,Medium,734
735,1735,Toys,item_735,113.5,94.97,Completed,605.27,West,Medium,735
736,1736,Clothing,item_736,151.35,437.64,Completed,446.12,North,Low,736
737,1737,Furniture,item_737,332.38,487.74,Completed,299.76,West,Medium,
738,1738,Toys,item_738,465.85,315.39,Pending,1552.77,West,Medium,738
739,1739,Clothing,item_739,218.14,13.64,Pending,2548.07,South,Low,739
740,1740,Furniture,item_740,464.02,292.41,Completed,2935.79,West,Low,740
741,1741,Toys,item_741,245.95,348.34,Completed,2204.05,East,Medium,741
742,1742,Toys,item_742,446.06,53.34,Pending,1910.46,North,Low,742
743,1743,Toys,item_743,163.12,35.86,Pending,1628.35,North,Medium,743
744,1744,Furniture,item_744,291.24,172.44,Pending,2883.71,East,Medium,744
745,1745,Toys,item_745,377.22,366.22,Cancelled,818.31,West,Low,745
746,1746,Electronics,item_746,331.6,152.96,Cancelled,1891.74,East,Medium,746
747,1747,Toys,item_747,47.66,394.04,Pending,440.99,East,Medium,747
748,1748,Electronics,item_748,373.3,305.87,Cancelled,2229.95,West,Medium,748
749,1749,Grocery,item_749,393.44,125.74,Completed,2408.15,North,Medium,749
750,1750,Clothing,item_750,301.82,412.64,Pending,2270.65,West,Medium,750
751,1751,Furniture,item_751,365.74,91.97,Cancelled,2216.37,East,High,751
752,1752,Electronics,item_752,35.74,237.37,Pending,939.03,South,Medium,752
753,1753,Furniture,item_753,242.55,81.12,Pending,85.0,West,Medium,753
754,1754,Toys,item_754,344.61,30.1,Cancelled,1930.4,West,Low,754
755,1755,Grocery,item_755,174.13,140.87,Completed,803.26,West,Medium,755
756,1756,Clothing,item_756,369.81,298.47,Completed,1583.86,South,Medium,756
757,1757,Electronics,item_757,417.53,15.86,Completed,1599.53,West,Medium,757
758,1758,Grocery,item_758,133.43,26.68,Cancelled,321.23,South,Low,758
759,1759,Electronics,item_759,52.33,306.3,Pending,1986.36,South,High,759
760,1760,Grocery,item_760,154.34,333.63,Completed,1934.4,East,Medium,760
761,1761,Grocery,item_761,136.09,392.56,Pending,2342.46,West,Medium,761
762,1762,Electronics,item_762,136.54,408.27,Completed,1349.7,West,High,762
763,1763,Clothing,item_763,326.29,63.13,Cancelled,2317.69,South,Low,763
764,1764,Furniture,item_764,360.55,60.61,Completed,257.72,East,Medium,764
765,1765,Furniture,item_765,82.94,323.76,Completed,2010.59,East,High,
766,1766,Furniture,item_766,291.57,262.54,Pending,1460.51,West,Low,766
767,1767,Electronics,item_767,274.66,11.62,Cancelled,2463.03,West,High,767
768,1768,Grocery,item_768,173.39,158.39,Completed,1915.2,North,Medium,768
769,1769,Grocery,item_769,49.42,235.22,Pending,1960.99,South,Low,769
770,1770,Furniture,item_770,333.76,156.45,Pending,2694.56,East,Medium,
771,1771,Furniture,item_771,370.31,78.57,Completed,124.83,South,Medium,771
772,1772,Toys,item_772,325.27,254.85,Pending,2901.39,North,High,772
773,1773,Grocery,item_773,396.01,30.98,Completed,674.45,West,Low,773
774,1774,Toys,item_774,82.99,293.88,Completed,158.79,South,Medium,774
775,1775,Furniture,item_775,454.52,313.0,Completed,2118.83,South,High,775
776,1776,Electronics,item_776,453.28,412.16,Completed,1395.74,South,Low,776
777,1777,Electronics,item_777,65.95,301.54,Cancelled,700.69,South,Medium,777
778,1778,Furniture,item_778,168.88,488.17,Cancelled,1660.36,East,High,778
779,1779,Toys,item_779,94.99,40.98,Pending,466.65,West,High,779
780,1780,Toys,item_780,90.85,129.39,Cancelled,170.06,North,Low,780
781,1781,Clothing,item_781,17.66,248.61,Completed,71.31,North,Low,781
782,1782,Grocery,item_782,213.95,405.63,Pending,2092.46,South,High,782
783,1783,Toys,item_783,230.71,127.23,Completed,1851.09,North,Low,783
784,1784,Furniture,item_784,309.9,53.13,Pending,1076.17,North,Low,784
785,1785,Electronics,item_785,493.44,488.63,Cancelled,1117.61,South,Medium,785
786,1786,Clothing,item_786,145.45,104.92,Completed,2071.47,West,Medium,786
787,1787,Electronics,item_787,36.47,188.45,Completed,1332.28,East,Low,787
788,1788,Furniture,item_788,31.23,372.8,Cancelled,568.87,North,Medium,788
789,1789,Electronics,item_789,448.59,363.49,Cancelled,1760.3,West,High,789
790,1790,Grocery,item_790,122.73,63.97,Completed,339.29,West,High,790
791,1791,Clothing,item_791,46.03,296.7,Completed,2676.94,South,High,791
792,1792,Furniture,item_792,97.25,193.01,Pending,2173.47,East,Medium,792
793,1793,Clothing,item_793,25.73,288.65,Pending,452.68,West,Medium,793
794,1794,Grocery,item_794,117.73,154.63,Completed,2379.16,South,Low,794
795,1795,Clothing,item_795,52.37,429.92,Pending,2593.49,South,Low,795
796,1796,Furniture,item_796,146.79,367.71,Cancelled,2624.17,South,Medium,796
797,1797,Clothing,item_797,446.99,299.97,Completed,2745.58,North,Medium,797
798,1798,Electronics,item_798,495.72,369.4,Cancelled,149.18,West,Medium,798
799,1799,Electronics,item_799,231.7,127.85,Cancelled,2271.58,West,High,799
800,1800,Grocery,item_800,127.14,499.49,Completed,1465.36,East,High,800
801,1801,Toys,item_801,376.17,21.96,Pending,1418.09,South,Low,801
802,1802,Grocery,item_802,317.14,354.91,Completed,2588.13,North,Medium,802
803,1803,Grocery,item_803,270.15,155.33,Pending,2109.26,South,Low,803
804,1804,Grocery,item_804,370.52,36.86,Cancelled,1123.77,North,High,804
805,1805,Furniture,item_805,313.38,189.13,Completed,1962.11,North,Low,805
806,1806,Clothing,item_806,77.82,174.12,Cancelled,385.0,West,Low,806
807,1807,Toys,item_807,436.85,354.39,Cancelled,2294.61,East,Medium,807
808,1808,Toys,item_808,343.31,145.8,Completed,1149.8,West,Medium,808
809,1809,Electronics,item_809,240.38,270.63,Cancelled,2703.38,West,Low,809
810,1810,Electronics,item_810,102.29,443.15,Completed,286.5,South,Medium,810
811,1811,Electronics,item_811,63.59,145.21,Cancelled,486.46,South,High,811
812,1812,Electronics,item_812,153.65,485.09,Cancelled,2798.58,West,Medium,812
813,1813,Electronics,item_813,152.84,40.85,Completed,2513.1,East,Medium,813
814,1814,Grocery,item_814,248.21,336.27,Cancelled,2533.63,West,Medium,814
815,1815,Clothing,item_815,450.16,160.18,Pending,719.01,East,Medium,815
816,1816,Electronics,item_816,82.69,149.35,Completed,1874.96,South,Low,816
817,1817,Clothing,item_817,486.87,421.27,Cancelled,2718.9,South,High,817
818,1818,Electronics,item_818,496.95,291.52,Pending,818.2,South,High,818
819,1819,Electronics,item_819,336.12,489.23,Completed,1150.1,South,Low,819
820,1820,Electronics,item_820,208.24,254.71,Completed,2845.98,East,High,820
821,1821,Toys,item_821,488.04,172.33,Cancelled,921.89,East,Low,
822,1822,Toys,item_822,366.99,461.92,Pending,2082.98,West,High,822
823,1823,Toys,item_823,67.27,22.15,Cancelled,2530.59,West,Medium,823
824,1824,Electronics,item_824,307.99,105.62,Cancelled,705.32,East,High,824
825,1825,Toys,item_825,426.23,341.76,Completed,2928.73,West,High,
826,1826,Toys,item_826,306.49,472.27,Cancelled,1115.14,South,Low,826
827,1827,Grocery,item_827,199.2,15.97,Pending,1086.5,West,Low,827
828,1828,Furniture,item_828,373.35,213.65,Pending,901.47,West,Low,828
829,1829,Clothing,item_829,419.4,302.99,Completed,662.96,West,Low,829
830,1830,Electronics,item_830,467.24,299.43,Pending,310.92,West,Low,830
831,1831,Furniture,item_831,95.7,236.44,Cancelled,2277.97,South,High,831
832,1832,Furniture,item_832,151.84,250.39,Pending,2512.03,East,Medium,832
833,1833,Furniture,item_833,120.01,397.7,Completed,824.9,West,High,833
834,1834,Grocery,item_834,214.41,251.02,Cancelled,1952.12,North,High,834
835,1835,Furniture,item_835,497.22,42.7,Cancelled,1117.19,West,Low,835
836,1836,Grocery,item_836,317.72,243.26,Cancelled,2463.93,East,Low,836
837,1837,Electronics,item_837,424.19,89.8,Completed,481.1,West,Low,837
838,1838,Clothing,item_838,35.92,186.97,Cancelled,2740.71,East,High,838
839,1839,Toys,item_839,323.08,47.65,Completed,2311.01,South,High,839
840,1840,Clothing,item_840,276.42,437.5,Cancelled,2409.64,East,Low,840
841,1841,Grocery,item_841,56.96,294.22,Completed,88.05,East,Medium,841
842,1842,Furniture,item_842,176.75,456.29,Completed,692.73,South,High,842
843,1843,Toys,item_843,310.58,417.39,Cancelled,2545.91,North,Medium,843
844,1844,Electronics,item_844,67.12,74.3,Completed,1464.58,East,Low,844
845,1845,Furniture,item_845,445.97,302.85,Pending,558.01,East,High,845
846,1846,Electronics,item_846,118.96,429.84,Completed,2079.74,East,High,846
847,1847,Electronics,item_847,218.15,383.88,Completed,279.32,West,Medium,847
848,1848,Electronics,item_848,26.07,333.3,Cancelled,224.83,North,Medium,
849,1849,Grocery,item_849,337.12,379.73,Completed,2764.29,South,Low,
850,1850,Clothing,item_850,338.59,24.34,Completed,2545.29,East,Low,850
851,1851,Clothing,item_851,429.02,392.59,Cancelled,763.38,North,High,851
852,1852,Electronics,item_852,269.13,360.75,Pending,556.73,North,Low,852
853,1853,Clothing,item_853,461.03,427.14,Pending,1131.07,South,Medium,853
854,1854,Electronics,item_854,98.62,183.86,Pending,1301.07,South,Medium,854
855,1855,Grocery,item_855,70.57,64.05,Completed,1512.66,East,Low,855
856,1856,Electronics,item_856,50.3,251.92,Pending,886.65,East,Low,856
857,1857,Furniture,item_857,120.68,209.57,Pending,606.92,North,Medium,857
858,1858,Grocery,item_858,97.86,499.37,Pending,2032.68,West,Medium,858
859,1859,Electronics,item_859,68.42,203.46,Cancelled,1792.14,North,Low,859
860,1860,Clothing,item_860,41.71,487.85,Pending,640.78,West,High,860
861,1861,Furniture,item_861,365.35,146.47,Cancelled,2309.62,East,Low,861
862,1862,Grocery,item_862,243.15,305.55,Pending,2963.19,East,High,862
863,1863,Electronics,item_863,69.87,249.78,Completed,1903.69,South,High,863
864,1864,Electronics,item_864,416.85,254.09,Completed,2917.61,West,Low,864
865,1865,Clothing,item_865,158.35,315.38,Completed,2000.19,West,Medium,865
866,1866,Furniture,item_866,250.22,138.22,Pending,2437.97,North,High,866
867,1867,Electronics,item_867,197.98,164.13,Pending,1355.54,North,High,867
868,1868,Grocery,item_868,443.5,90.43,Pending,446.74,West,Medium,868
869,1869,Toys,item_869,340.76,333.44,Cancelled,1641.21,West,Medium,869
870,1870,Clothing,item_870,258.28,201.78,Pending,1793.58,West,Low,870
871,1871,Grocery,item_871,167.04,23.79,Completed,428.18,East,Medium,871
872,1872,Toys,item_872,23.18,446.76,Pending,1172.69,West,Medium,872
873,1873,Furniture,item_873,182.12,334.01,Completed,742.14,East,Low,873
874,1874,Electronics,item_874,435.78,66.09,Completed,108.15,East,High,874
875,1875,Furniture,item_875,288.34,451.69,Pending,110.19,West,Low,875
876,1876,Grocery,item_876,195.09,201.25,Cancelled,338.29,West,High,
877,1877,Clothing,item_877,174.62,256.36,Cancelled,1051.64,East,Medium,877
878,1878,Clothing,item_878,253.51,425.19,Completed,2529.12,South,Medium,878
879,1879,Grocery,item_879,498.15,206.99,Completed,1892.49,North,Low,879
880,1880,Electronics,item_880,300.01,143.95,Cancelled,2413.5,West,Medium,880
881,1881,Electronics,item_881,329.25,157.91,Pending,1327.09,East,High,881
882,1882,Grocery,item_882,316.23,232.08,Cancelled,582.77,North,Low,882
883,1883,Clothing,item_883,292.65,114.35,Cancelled,2817.4,East,Low,883
884,1884,Toys,item_884,427.86,454.35,Cancelled,2193.51,North,Low,884
885,1885,Furniture,item_885,82.39,83.73,Cancelled,2308.31,West,Medium,885
886,1886,Electronics,item_886,320.62,424.52,Pending,2479.95,South,Medium,886
887,1887,Clothing,item_887,208.87,65.64,Completed,131.73,East,Medium,887
888,1888,Furniture,item_888,216.79,453.77,Completed,520.11,South,High,888
889,1889,Grocery,item_889,332.75,96.23,Completed,2893.17,West,High,889
890,1890,Electronics,item_890,163.81,156.01,Completed,2706.7,West,Medium,890
891,1891,Electronics,item_891,204.48,421.51,Completed,746.32,North,Low,891
892,1892,Toys,item_892,475.34,466.46,Pending,1514.53,North,High,892
893,1893,Grocery,item_893,171.35,296.32,Pending,2427.23,South,Medium,893
894,1894,Electronics,item_894,95.83,485.26,Pending,1254.71,North,Medium,894
895,1895,Electronics,item_895,165.08,217.65,Cancelled,776.72,East,High,895
896,1896,Grocery,item_896,412.47,20.33,Cancelled,152.69,North,Low,896
897,1897,Clothing,item_897,133.96,198.5,Cancelled,2877.53,East,Low,897
898,1898,Clothing,item_898,430.25,200.35,Pending,2786.15,East,Medium,898
899,1899,Clothing,item_899,155.74,431.11,Completed,2751.88,East,Low,899
900,1900,Electronics,item_900,144.28,49.25,Pending,1439.72,West,Medium,900
901,1901,Electronics,item_901,413.96,352.26,Cancelled,245.78,West,Low,901
902,1902,Toys,item_902,371.51,232.1,Completed,2297.83,South,Low,902
903,1903,Clothing,item_903,11.51,108.04,Pending,975.48,North,High,903
904,1904,Toys,item_904,359.65,386.13,Cancelled,2301.33,West,Medium,904
905,1905,Clothing,item_905,137.73,346.86,Pending,2408.61,South,High,905
906,1906,Clothing,item_906,202.81,194.89,Cancelled,712.24,North,Low,906
907,1907,Clothing,item_907,454.35,487.32,Completed,822.26,South,High,907
908,1908,Furniture,item_908,304.19,83.13,Pending,551.86,North,High,908
909,1909,Furniture,item_909,388.95,464.86,Cancelled,1507.74,South,Low,909
910,1910,Grocery,item_910,151.1,252.14,Completed,1322.36,South,Low,910
911,1911,Grocery,item_911,366.09,102.79,Completed,1255.15,South,High,911
912,1912,Grocery,item_912,125.39,230.98,Completed,1140.43,West,High,912
913,1913,Clothing,item_913,437.01,487.46,Pending,2076.21,West,Low,
914,1914,Toys,item_914,135.55,56.69,Completed,203.73,South,Medium,914
915,1915,Toys,item_915,470.27,483.93,Cancelled,2143.22,North,High,915
916,1916,Toys,item_916,196.66,488.99,Cancelled,1144.16,North,Low,916
917,1917,Clothing,item_917,256.84,465.86,Pending,439.16,East,Low,917
918,1918,Clothing,item_918,137.6,163.5,Completed,1522.67,East,Low,918
919,1919,Furniture,item_919,148.63,439.7,Cancelled,2497.29,East,Low,919
920,1920,Clothing,item_920,164.62,497.34,Completed,1689.24,West,High,920
921,1921,Electronics,item_921,122.63,27.57,Pending,532.49,West,Medium,921
922,1922,Furniture,item_922,29.99,184.69,Cancelled,1704.52,West,Medium,922
923,1923,Clothing,item_923,70.59,55.85,Pending,582.93,South,Low,923
924,1924,Grocery,item_924,285.99,334.94,Completed,1771.46,North,Low,924
925,1925,Clothing,item_925,214.05,47.65,Pending,2046.88,East,High,925
926,1926,Electronics,item_926,203.14,299.27,Completed,2519.08,South,High,926
927,1927,Furniture,item_927,232.49,478.05,Cancelled,1991.12,East,High,927
928,1928,Furniture,item_928,169.21,368.46,Cancelled,2725.29,South,High,928
929,1929,Grocery,item_929,168.35,37.21,Completed,1664.11,West,High,929
930,1930,Clothing,item_930,127.64,387.73,Pending,313.11,South,High,930
931,1931,Furniture,item_931,149.62,378.75,Cancelled,504.7,East,Medium,931
932,1932,Grocery,item_932,452.83,305.72,Pending,2013.28,East,Low,932
933,1933,Furniture,item_933,443.85,243.46,Cancelled,1821.01,North,Medium,933
934,1934,Toys,item_934,101.31,319.04,Completed,169.29,East,Medium,934
935,1935,Clothing,item_935,466.03,268.37,Cancelled,1597.8,East,Medium,935
936,1936,Furniture,item_936,157.19,492.25,Cancelled,2713.57,South,Low,936
937,1937,Toys,item_937,33.39,47.5,Completed,1564.57,West,Medium,937
938,1938,Toys,item_938,408.28,184.17,Cancelled,291.22,North,High,938
939,1939,Furniture,item_939,97.98,99.28,Pending,183.51,West,Low,939
940,1940,Toys,item_940,364.81,381.1,Pending,1890.24,East,Medium,940
941,1941,Clothing,item_941,113.42,48.33,Cancelled,814.99,North,Medium,941
942,1942,Electronics,item_942,203.52,16.52,Cancelled,1457.5,West,Low,942
943,1943,Toys,item_943,365.7,158.37,Cancelled,1114.15,West,Medium,943
944,1944,Clothing,item_944,16.8,64.84,Completed,2103.3,South,High,944
945,1945,Clothing,item_945,328.37,223.54,Cancelled,2581.66,South,High,945
946,1946,Furniture,item_946,82.6,216.72,Completed,540.01,South,Low,946
947,1947,Furniture,item_947,241.03,431.3,Cancelled,765.76,East,Low,947
948,1948,Furniture,item_948,34.95,13.86,Cancelled,2550.51,West,Medium,948
949,1949,Toys,item_949,301.96,281.61,Pending,159.2,West,Medium,949
950,1950,Toys,item_950,468.29,453.49,Pending,734.12,North,Low,950
951,1951,Toys,item_951,164.77,41.12,Cancelled,1280.56,West,High,
952,1952,Grocery,item_952,229.68,223.75,Completed,899.63,South,Medium,952
953,1953,Clothing,item_953,258.74,297.95,Cancelled,1050.5,West,High,953
954,1954,Furniture,item_954,480.3,418.21,Cancelled,1974.88,East,Medium,954
955,1955,Clothing,item_955,314.7,148.4,Cancelled,304.27,West,High,955
956,1956,Clothing,item_956,306.82,59.44,Pending,2832.01,West,Medium,956
957,1957,Toys,item_957,33.05,18.88,Pending,1103.28,South,High,957
958,1958,Toys,item_958,25.67,41.2,Pending,386.21,South,High,958
959,1959,Furniture,item_959,136.33,176.76,Pending,2319.65,East,High,959
960,1960,Toys,item_960,306.1,61.03,Completed,2783.56,West,Medium,960
961,1961,Electronics,item_961,487.58,393.01,Cancelled,2357.36,North,Low,961
962,1962,Electronics,item_962,91.85,67.85,Completed,2737.41,South,Low,
963,1963,Furniture,item_963,383.36,254.21,Completed,505.17,East,Medium,963
964,1964,Electronics,item_964,425.81,225.16,Pending,2319.2,North,High,964
965,1965,Furniture,item_965,177.25,257.46,Completed,834.75,West,Medium,965
966,1966,Clothing,item_966,84.29,379.22,Pending,2372.29,South,Medium,966
967,1967,Furniture,item_967,450.05,476.4,Cancelled,2394.09,East,High,967
968,1968,Electronics,item_968,361.64,263.5,Completed,300.1,East,Medium,968
969,1969,Clothing,item_969,222.7,202.7,Completed,1997.52,South,Low,969
970,1970,Toys,item_970,486.6,215.46,Cancelled,2117.33,East,Low,970
971,1971,Grocery,item_971,13.87,147.09,Cancelled,1850.68,South,Low,971
972,1972,Clothing,item_972,444.91,315.94,Cancelled,1973.51,East,Low,972
973,1973,Clothing,item_973,441.68,51.3,Cancelled,1036.75,South,Low,973
974,1974,Grocery,item_974,114.73,260.72,Pending,1587.94,South,High,974
975,1975,Toys,item_975,300.33,128.26,Pending,2193.2,North,Low,
976,1976,Grocery,item_976,137.28,258.67,Completed,190.81,North,Medium,976
977,1977,Electronics,item_977,232.04,491.65,Cancelled,2967.55,South,Medium,977
978,1978,Toys,item_978,339.49,360.03,Cancelled,2225.66,North,Medium,978
979,1979,Clothing,item_979,413.19,187.02,Completed,482.33,West,Medium,979
980,1980,Electronics,item_980,218.19,73.73,Completed,1366.18,East,Low,980
981,1981,Toys,item_981,283.89,391.62,Pending,1773.7,West,Medium,981
982,1982,Furniture,item_982,368.54,214.29,Completed,475.82,South,Medium,982
983,1983,Clothing,item_983,484.34,261.46,Cancelled,398.27,South,Medium,983
984,1984,Clothing,item_984,472.59,190.97,Completed,1824.72,West,High,984
985,1985,Toys,item_985,151.9,266.16,Completed,1145.83,East,Medium,985
986,1986,Electronics,item_986,397.69,79.65,Cancelled,1294.18,East,Medium,986
987,1987,Furniture,item_987,11.02,278.29,Completed,2617.76,West,Medium,987
988,1988,Toys,item_988,231.66,175.53,Pending,1451.92,South,High,988
989,1989,Furniture,item_989,383.22,336.94,Completed,2605.72,East,High,989
990,1990,Toys,item_990,210.72,124.08,Pending,1050.04,North,Low,990
991,1991,Grocery,item_991,326.5,434.32,Cancelled,123.17,East,Low,991
992,1992,Toys,item_992,51.72,478.03,Cancelled,1751.72,North,Low,992
993,1993,Furniture,item_993,256.29,19.15,Cancelled,2811.74,South,High,993
994,1994,Clothing,item_994,130.19,355.75,Cancelled,1360.48,East,Medium,994
995,1995,Furniture,item_995,432.37,21.4,Pending,582.5,North,Low,995
996,1996,Grocery,item_996,54.6,490.1,Cancelled,546.06,South,High,996
997,1997,Electronics,item_997,85.57,476.56,Cancelled,549.11,East,High,997
998,1998,Electronics,item_998,156.03,58.38,Completed,1267.83,East,Medium,
999,1999,Electronics,item_999,35.42,127.42,Cancelled,1778.79,West,Low,999
1000,2000,Furniture,item_1000,475.18,141.95,Pending,1421.23,West,High,1000
1001,2001,Furniture,item_1001,320.44,457.73,Completed,844.02,North,High,1001
1002,2002,Clothing,item_1002,159.26,209.31,Completed,2546.52,South,High,1002
1003,2003,Clothing,item_1003,393.19,273.39,Pending,2885.99,West,High,1003
1004,2004,Furniture,item_1004,480.95,314.16,Cancelled,2917.64,North,High,
1005,2005,Furniture,item_1005,143.92,132.94,Cancelled,1171.45,East,Low,1005
1006,2006,Toys,item_1006,147.84,89.09,Cancelled,1711.09,East,High,1006
1007,2007,Electronics,item_1007,416.94,365.29,Pending,2640.92,South,Low,1007
1008,2008,Grocery,item_1008,443.13,473.25,Cancelled,821.01,West,Medium,1008
1009,2009,Grocery,item_1009,177.4,235.3,Cancelled,1018.95,South,Low,1009
1010,2010,Toys,item_1010,243.5,451.71,Cancelled,561.93,West,Medium,1010
1011,2011,Electronics,item_1011,273.94,447.36,Cancelled,1363.27,North,Medium,1011
1012,2012,Furniture,item_1012,415.46,185.4,Completed,2525.48,North,High,1012
1013,2013,Clothing,item_1013,227.84,118.55,Completed,2287.34,East,High,1013
1014,2014,Toys,item_1014,316.37,406.12,Completed,741.06,West,Medium,1014
1015,2015,Furniture,item_1015,453.21,356.41,Completed,71.05,West,High,
1016,2016,Toys,item_1016,255.16,93.53,Completed,1996.52,South,High,1016
1017,2017,Electronics,item_1017,72.44,467.45,Completed,2648.96,East,High,1017
1018,2018,Electronics,item_1018,496.06,349.56,Cancelled,1862.65,West,High,1018
1019,2019,Electronics,item_1019,428.39,168.27,Pending,858.41,West,Medium,1019
1020,2020,Electronics,item_1020,443.06,120.03,Pending,2759.25,West,Medium,1020
1021,2021,Clothing,item_1021,174.01,441.25,Completed,2971.28,South,Low,
1022,2022,Electronics,item_1022,459.33,106.47,Pending,966.88,North,High,1022
1023,2023,Electronics,item_1023,300.34,316.89,Pending,2529.5,South,High,1023
1024,2024,Grocery,item_1024,417.93,412.6,Cancelled,2392.63,North,Low,1024
1025,2025,Electronics,item_1025,316.42,293.68,Completed,2924.85,North,Medium,1025
1026,2026,Electronics,item_1026,393.5,40.38,Pending,211.63,West,High,1026
1027,2027,Electronics,item_1027,284.04,154.51,Pending,1234.97,West,High,1027
1028,2028,Toys,item_1028,15.2,198.12,Pending,2645.82,North,Medium,1028
1029,2029,Electronics,item_1029,232.5,170.81,Completed,368.62,North,Low,1029
1030,2030,Toys,item_1030,396.81,104.87,Cancelled,421.65,East,Medium,1030
1031,2031,Toys,item_1031,227.87,129.14,Completed,228.45,East,Low,1031
1032,2032,Grocery,item_1032,162.48,443.76,Completed,484.86,East,Low,1032
1033,2033,Grocery,item_1033,485.43,263.66,Cancelled,2050.99,North,High,1033
1034,2034,Toys,item_1034,430.76,216.81,Completed,2930.71,South,High,1034
1035,2035,Furniture,item_1035,350.44,491.14,Cancelled,2092.62,East,Low,1035
1036,2036,Grocery,item_1036,89.52,232.61,Completed,1513.0,North,Low,1036
1037,2037,Clothing,item_1037,238.6,114.44,Pending,2217.03,East,Low,1037
1038,2038,Furniture,item_1038,100.28,495.04,Pending,79.18,East,High,1038
1039,2039,Clothing,item_1039,152.38,105.26,Cancelled,2742.49,East,High,1039
1040,2040,Clothing,item_1040,106.93,95.33,Pending,2170.57,East,Low,1040
1041,2041,Clothing,item_1041,20.53,423.01,Completed,111.93,South,Medium,1041
1042,2042,Electronics,item_1042,175.81,113.02,Pending,758.44,East,Low,1042
1043,2043,Toys,item_1043,488.78,498.87,Pending,2641.24,North,High,1043
1044,2044,Clothing,item_1044,399.5,103.92,Pending,2098.34,East,Low,1044
1045,2045,Clothing,item_1045,461.3,383.91,Cancelled,607.85,East,High,1045
1046,2046,Electronics,item_1046,318.43,147.24,Completed,2561.93,West,High,1046
1047,2047,Furniture,item_1047,397.59,311.29,Completed,1550.41,East,Medium,1047
1048,2048,Clothing,item_1048,167.69,193.2,Cancelled,1475.73,West,Medium,1048
1049,2049,Furniture,item_1049,322.67,397.41,Cancelled,157.98,South,High,1049
1050,2050,Clothing,item_1050,203.99,159.94,Pending,1735.54,East,Medium,1050
1051,2051,Clothing,item_1051,378.3,154.57,Cancelled,1087.15,North,Medium,1051
1052,2052,Grocery,item_1052,218.79,239.1,Pending,1134.16,West,Medium,1052
1053,2053,Electronics,item_1053,97.99,124.56,Cancelled,273.87,North,Medium,1053
1054,2054,Toys,item_1054,277.86,48.3,Pending,2783.49,North,High,1054
1055,2055,Electronics,item_1055,277.55,173.54,Cancelled,1021.26,East,Low,1055
1056,2056,Grocery,item_1056,103.41,305.98,Completed,2995.3,East,High,1056
1057,2057,Grocery,item_1057,412.93,393.73,Pending,2840.15,North,Medium,1057
1058,2058,Clothing,item_1058,434.08,121.51,Cancelled,2259.95,West,High,1058
1059,2059,Toys,item_1059,381.23,364.03,Pending,1054.95,North,Medium,1059
1060,2060,Furniture,item_1060,387.36,351.99,Completed,1344.11,North,Medium,1060
1061,2061,Clothing,item_1061,159.73,371.52,Pending,2440.68,East,Medium,1061
1062,2062,Furniture,item_1062,346.02,207.65,Cancelled,1635.93,East,Low,1062
1063,2063,Electronics,item_1063,461.85,85.31,Pending,1726.16,West,Medium,
1064,2064,Furniture,item_1064,41.22,199.35,Pending,370.48,West,Low,1064
1065,2065,Electronics,item_1065,94.0,340.69,Completed,144.57,West,High,1065
1066,2066,Electronics,item_1066,456.56,199.09,Completed,737.47,North,Medium,1066
1067,2067,Toys,item_1067,15.41,170.12,Pending,1203.76,North,High,1067
1068,2068,Furniture,item_1068,374.14,200.61,Completed,433.3,South,Medium,1068
1069,2069,Furniture,item_1069,87.8,291.79,Pending,1783.1,West,Medium,1069
1070,2070,Clothing,item_1070,228.41,414.05,Cancelled,2432.32,East,Low,1070
1071,2071,Furniture,item_1071,236.72,29.15,Completed,899.34,West,Medium,1071
1072,2072,Grocery,item_1072,201.63,413.48,Completed,1274.41,South,Low,1072
1073,2073,Furniture,item_1073,198.49,332.95,Cancelled,1727.42,West,Low,1073
1074,2074,Clothing,item_1074,443.92,87.39,Cancelled,1636.33,North,Low,1074
1075,2075,Clothing,item_1075,455.28,211.53,Cancelled,407.63,East,High,1075
1076,2076,Toys,item_1076,385.6,169.75,Pending,536.28,South,Low,1076
1077,2077,Electronics,item_1077,45.87,350.3,Cancelled,1412.62,East,Low,
1078,2078,Clothing,item_1078,204.37,15.26,Completed,2141.84,South,Medium,1078
1079,2079,Furniture,item_1079,247.53,43.44,Cancelled,1988.22,West,High,1079
1080,2080,Grocery,item_1080,422.37,93.59,Completed,1840.62,South,Medium,1080
1081,2081,Furniture,item_1081,92.54,338.98,Completed,2048.28,South,Medium,1081
1082,2082,Clothing,item_1082,360.06,447.42,Cancelled,687.69,North,Low,1082
1083,2083,Electronics,item_1083,201.4,161.08,Completed,1814.71,North,Medium,1083
1084,2084,Clothing,item_1084,193.58,126.88,Completed,97.31,North,High,1084
1085,2085,Clothing,item_1085,343.18,40.95,Completed,2400.93,South,Low,1085
1086,2086,Furniture,item_1086,261.13,409.66,Pending,1708.06,South,Low,1086
1087,2087,Toys,item_1087,203.58,219.66,Completed,680.65,East,Medium,1087
1088,2088,Furniture,item_1088,330.46,15.87,Completed,1403.39,North,Low,1088
1089,2089,Toys,item_1089,190.8,42.99,Completed,1262.74,West,High,1089
1090,2090,Toys,item_1090,94.01,479.93,Cancelled,1006.85,West,Low,1090
1091,2091,Clothing,item_1091,172.7,321.32,Cancelled,988.0,West,High,1091
1092,2092,Toys,item_1092,456.93,229.97,Cancelled,1939.75,South,Low,1092
1093,2093,Electronics,item_1093,123.98,312.01,Completed,961.1,West,High,1093
1094,2094,Electronics,item_1094,77.4,254.38,Completed,497.43,South,Low,1094
1095,2095,Toys,item_1095,494.39,227.43,Pending,446.09,East,Low,
1096,2096,Electronics,item_1096,265.23,489.01,Cancelled,2447.5,North,High,1096
1097,2097,Grocery,item_1097,177.94,110.85,Completed,2724.56,South,Low,1097
1098,2098,Clothing,item_1098,307.95,196.93,Pending,591.46,North,High,1098
1099,2099,Electronics,item_1099,477.29,35.53,Completed,2817.91,South,High,1099
1100,2100,Toys,item_1100,417.3,466.59,Completed,1546.9,West,Low,1100
1101,2101,Clothing,item_1101,363.62,130.01,Completed,1837.26,East,Medium,1101
1102,2102,Clothing,item_1102,143.21,392.83,Completed,2855.49,East,Medium,1102
1103,2103,Furniture,item_1103,226.27,257.59,Cancelled,1328.62,South,Medium,1103
1104,2104,Furniture,item_1104,219.42,50.78,Pending,1805.79,South,Low,
1105,2105,Grocery,item_1105,196.42,159.87,Pending,1156.68,West,High,1105
1106,2106,Furniture,item_1106,105.9,458.9,Completed,87.86,East,Medium,1106
1107,2107,Furniture,item_1107,470.74,485.54,Pending,1182.91,East,Low,1107
1108,2108,Electronics,item_1108,210.31,29.03,Completed,1185.24,South,High,1108
1109,2109,Grocery,item_1109,387.92,378.27,Pending,1553.34,West,Low,1109
1110,2110,Electronics,item_1110,328.94,463.99,Cancelled,778.04,West,High,1110
1111,2111,Grocery,item_1111,319.17,341.45,Cancelled,2013.74,South,Medium,1111
1112,2112,Clothing,item_1112,134.6,305.05,Cancelled,2532.47,North,High,1112
1113,2113,Furniture,item_1113,204.86,297.22,Completed,1579.68,South,Medium,1113
1114,2114,Furniture,item_1114,133.91,158.09,Cancelled,1992.53,West,Low,1114
1115,2115,Furniture,item_1115,378.71,462.92,Completed,372.36,East,High,1115
1116,2116,Clothing,item_1116,465.71,205.01,Pending,68.94,South,Medium,1116
1117,2117,Electronics,item_1117,389.13,214.74,Pending,1980.84,West,High,
1118,2118,Clothing,item_1118,354.98,107.03,Completed,1532.71,North,Medium,1118
1119,2119,Clothing,item_1119,100.96,38.9,Completed,2437.08,South,Medium,1119
1120,2120,Furniture,item_1120,225.96,457.36,Completed,2611.67,South,High,1120
1121,2121,Furniture,item_1121,71.09,41.49,Completed,1777.66,West,Medium,1121
1122,2122,Electronics,item_1122,14.66,140.38,Completed,2012.7,North,High,1122
1123,2123,Electronics,item_1123,194.08,264.84,Pending,2799.78,West,Medium,1123
1124,2124,Grocery,item_1124,191.68,446.17,Pending,2459.7,East,Low,1124
1125,2125,Toys,item_1125,38.05,184.45,Pending,2428.5,North,Medium,1125
1126,2126,Furniture,item_1126,365.36,445.11,Completed,125.76,North,Low,1126
1127,2127,Clothing,item_1127,190.53,312.99,Cancelled,2616.07,West,Low,1127
1128,2128,Grocery,item_1128,18.15,186.5,Completed,2910.31,East,Low,1128
1129,2129,Toys,item_1129,247.42,372.21,Completed,1077.59,West,Low,1129
1130,2130,Electronics,item_1130,369.8,153.99,Completed,2150.23,North,High,1130
1131,2131,Electronics,item_1131,157.66,339.8,Cancelled,2962.3,West,High,1131
1132,2132,Electronics,item_1132,246.26,274.93,Completed,674.34,North,High,1132
1133,2133,Electronics,item_1133,88.52,465.19,Pending,2310.61,South,Low,1133
1134,2134,Furniture,item_1134,476.24,338.59,Cancelled,450.48,West,High,1134
1135,2135,Grocery,item_1135,437.25,466.57,Cancelled,240.77,East,Medium,1135
1136,2136,Furniture,item_1136,330.42,394.69,Pending,2434.92,South,Medium,1136
1137,2137,Electronics,item_1137,64.58,176.72,Cancelled,2814.77,North,Low,1137
1138,2138,Grocery,item_1138,477.49,292.69,Completed,966.86,South,Medium,1138
1139,2139,Grocery,item_1139,387.93,400.78,Completed,1583.27,South,High,1139
1140,2140,Toys,item_1140,427.66,164.8,Pending,2519.79,West,Low,1140
1141,2141,Toys,item_1141,148.86,376.06,Cancelled,151.31,East,Medium,1141
1142,2142,Electronics,item_1142,143.99,425.36,Cancelled,1460.93,South,Medium,1142
1143,2143,Furniture,item_1143,38.82,407.0,Completed,2492.26,South,Low,1143
1144,2144,Clothing,item_1144,353.2,35.76,Completed,2577.5,West,Medium,1144
1145,2145,Clothing,item_1145,495.62,278.49,Pending,1296.19,West,Medium,1145
1146,2146,Furniture,item_1146,45.19,366.11,Pending,2104.31,South,Low,1146
1147,2147,Furniture,item_1147,57.69,168.48,Cancelled,2604.27,North,Low,1147
1148,2148,Clothing,item_1148,292.81,226.52,Pending,908.69,South,High,1148
1149,2149,Clothing,item_1149,370.31,14.47,Cancelled,2575.62,North,Low,1149
1150,2150,Clothing,item_1150,194.51,491.52,Cancelled,2532.9,North,High,1150
1151,2151,Furniture,item_1151,98.02,35.71,Cancelled,1967.79,West,High,1151
1152,2152,Furniture,item_1152,130.05,68.21,Pending,1491.45,South,Low,1152
1153,2153,Electronics,item_1153,391.09,433.8,Cancelled,1177.2,West,Medium,1153
1154,2154,Electronics,item_1154,50.49,249.72,Cancelled,2730.01,South,High,
1155,2155,Toys,item_1155,244.95,349.93,Completed,2393.31,South,Medium,1155
1156,2156,Furniture,item_1156,156.2,71.37,Pending,237.32,South,Medium,1156
1157,2157,Electronics,item_1157,202.96,410.56,Cancelled,1491.26,North,High,1157
1158,2158,Electronics,item_1158,98.53,303.56,Completed,65.71,West,Medium,1158
1159,2159,Clothing,item_1159,291.79,329.79,Completed,1709.36,North,High,1159
1160,2160,Toys,item_1160,156.3,483.48,Completed,1298.0,North,High,1160
1161,2161,Toys,item_1161,453.26,153.76,Cancelled,1362.51,West,Low,1161
1162,2162,Grocery,item_1162,307.02,260.19,Cancelled,342.08,North,High,1162
1163,2163,Clothing,item_1163,156.86,417.99,Completed,1826.33,South,Low,
1164,2164,Clothing,item_1164,367.26,216.79,Cancelled,802.15,West,Low,1164
1165,2165,Furniture,item_1165,233.47,472.92,Cancelled,1304.76,South,Low,1165
1166,2166,Grocery,item_1166,497.73,351.43,Completed,2157.61,South,Medium,1166
1167,2167,Grocery,item_1167,496.3,222.48,Completed,2893.85,South,High,1167
1168,2168,Toys,item_1168,63.9,278.7,Completed,1021.6,North,Medium,1168
1169,2169,Grocery,item_1169,81.7,401.07,Pending,79.1,West,High,1169
1170,2170,Electronics,item_1170,393.54,70.52,Cancelled,2198.57,East,Low,1170
1171,2171,Furniture,item_1171,56.81,180.96,Cancelled,2602.93,East,Low,1171
1172,2172,Electronics,item_1172,93.67,473.79,Pending,582.98,West,Medium,1172
1173,2173,Grocery,item_1173,14.65,261.65,Completed,1989.81,South,Medium,1173
1174,2174,Grocery,item_1174,35.9,365.46,Pending,2137.13,South,Low,1174
1175,2175,Furniture,item_1175,99.72,493.26,Pending,1531.58,East,Medium,1175
1176,2176,Clothing,item_1176,159.54,430.38,Pending,1249.22,East,High,1176
1177,2177,Electronics,item_1177,367.68,472.98,Completed,1747.18,North,Low,1177
1178,2178,Furniture,item_1178,406.09,15.24,Pending,2047.25,South,Medium,1178
1179,2179,Toys,item_1179,351.96,208.68,Cancelled,611.04,North,Low,1179
1180,2180,Toys,item_1180,377.34,129.67,Cancelled,2000.46,North,Low,1180
1181,2181,Clothing,item_1181,340.52,442.15,Cancelled,2716.21,South,High,1181
1182,2182,Clothing,item_1182,261.71,476.72,Pending,1511.75,South,Medium,1182
1183,2183,Grocery,item_1183,457.88,132.38,Cancelled,2559.79,North,Medium,1183
1184,2184,Grocery,item_1184,139.73,11.09,Cancelled,1728.08,South,Medium,1184
1185,2185,Toys,item_1185,414.61,27.36,Pending,2682.86,West,High,1185
1186,2186,Toys,item_1186,235.57,156.19,Completed,65.21,South,Medium,1186
1187,2187,Electronics,item_1187,221.09,106.8,Cancelled,1567.24,South,Medium,1187
1188,2188,Furniture,item_1188,13.39,387.03,Pending,716.98,West,Medium,1188
1189,2189,Furniture,item_1189,447.17,272.85,Pending,370.65,West,Low,1189
1190,2190,Clothing,item_1190,78.54,376.07,Completed,1109.75,South,High,1190
1191,2191,Electronics,item_1191,75.5,216.32,Pending,2707.94,South,Low,1191
1192,2192,Furniture,item_1192,480.25,491.64,Completed,1292.23,West,Low,1192
1193,2193,Grocery,item_1193,378.03,392.37,Pending,1530.48,West,High,1193
1194,2194,Electronics,item_1194,398.43,71.8,Pending,1525.0,South,High,1194
1195,2195,Grocery,item_1195,220.54,302.57,Completed,1331.27,East,Medium,1195
1196,2196,Furniture,item_1196,131.4,84.72,Cancelled,601.24,East,High,1196
1197,2197,Clothing,item_1197,336.5,220.29,Pending,2134.06,North,Low,1197
1198,2198,Toys,item_1198,98.78,496.35,Cancelled,1905.28,South,High,1198
1199,2199,Furniture,item_1199,28.8,495.3,Completed,1307.59,South,High,1199
1200,2200,Furniture,item_1200,209.58,160.16,Cancelled,2941.37,South,Medium,1200
1201,2201,Electronics,item_1201,259.83,325.5,Pending,374.66,East,Medium,1201
1202,2202,Furniture,item_1202,131.01,448.6,Completed,170.62,North,Low,1202
1203,2203,Clothing,item_1203,149.81,147.28,Cancelled,347.25,South,Medium,1203
1204,2204,Grocery,item_1204,173.8,64.65,Cancelled,90.3,South,Medium,1204
1205,2205,Grocery,item_1205,374.04,298.57,Cancelled,1146.2,East,High,1205
1206,2206,Electronics,item_1206,444.72,73.94,Cancelled,1825.41,North,Low,1206
1207,2207,Clothing,item_1207,104.53,228.43,Completed,270.89,East,Medium,1207
1208,2208,Clothing,item_1208,271.44,85.3,Completed,615.53,East,Low,1208
1209,2209,Grocery,item_1209,229.76,361.49,Pending,249.74,West,Low,1209
1210,2210,Toys,item_1210,397.53,91.8,Pending,2105.28,South,Medium,1210
1211,2211,Toys,item_1211,39.79,486.51,Completed,2235.11,West,Medium,
1212,2212,Toys,item_1212,486.05,91.1,Cancelled,1183.24,West,Medium,1212
1213,2213,Clothing,item_1213,100.19,88.4,Completed,1796.73,North,Low,1213
1214,2214,Toys,item_1214,136.83,427.71,Pending,2139.35,North,High,1214
1215,2215,Toys,item_1215,126.73,29.15,Completed,2829.04,East,High,1215
1216,2216,Electronics,item_1216,324.78,132.01,Completed,1627.06,North,Low,1216
1217,2217,Toys,item_1217,486.39,169.04,Cancelled,2657.76,East,Low,1217
1218,2218,Toys,item_1218,154.5,492.78,Cancelled,2456.97,East,High,1218
1219,2219,Grocery,item_1219,96.6,486.09,Cancelled,1989.09,North,Low,1219
1220,2220,Furniture,item_1220,473.37,136.1,Cancelled,1921.2,South,Medium,1220
1221,2221,Grocery,item_1221,109.92,318.6,Pending,509.14,South,Low,1221
1222,2222,Grocery,item_1222,82.68,244.71,Pending,585.46,South,High,1222
1223,2223,Furniture,item_1223,472.24,98.4,Pending,112.09,South,High,1223
1224,2224,Toys,item_1224,102.05,80.33,Pending,773.5,West,High,1224
1225,2225,Clothing,item_1225,366.11,405.92,Cancelled,344.2,West,High,1225
1226,2226,Electronics,item_1226,384.09,325.8,Completed,439.93,North,Medium,1226
1227,2227,Toys,item_1227,16.61,483.52,Completed,1649.99,East,Low,1227
1228,2228,Clothing,item_1228,245.41,285.8,Pending,2455.62,East,Medium,1228
1229,2229,Clothing,item_1229,37.38,349.1,Cancelled,1653.66,North,High,1229
1230,2230,Grocery,item_1230,60.26,444.36,Pending,468.41,South,High,1230
1231,2231,Furniture,item_1231,82.21,331.13,Completed,2768.99,West,Low,1231
1232,2232,Electronics,item_1232,250.99,495.48,Completed,350.12,East,Medium,1232
1233,2233,Grocery,item_1233,67.99,462.43,Completed,2691.98,South,High,1233
1234,2234,Grocery,item_1234,303.81,342.92,Completed,2684.7,East,Low,1234
1235,2235,Grocery,item_1235,438.95,142.84,Pending,2002.11,East,Low,1235
1236,2236,Electronics,item_1236,432.24,489.24,Cancelled,482.44,South,Medium,1236
1237,2237,Furniture,item_1237,409.18,65.45,Pending,2880.78,East,High,1237
1238,2238,Clothing,item_1238,99.12,198.66,Pending,1507.91,West,Low,1238
1239,2239,Toys,item_1239,398.82,173.4,Cancelled,2768.73,West,Medium,1239
1240,2240,Toys,item_1240,271.55,270.91,Completed,1184.65,West,Low,1240
1241,2241,Clothing,item_1241,354.52,125.24,Completed,649.68,North,Medium,1241
1242,2242,Clothing,item_1242,461.24,39.19,Pending,1114.53,South,Medium,1242
1243,2243,Toys,item_1243,486.19,457.35,Completed,671.68,South,High,1243
1244,2244,Electronics,item_1244,481.41,354.94,Pending,2212.59,West,Medium,1244
1245,2245,Electronics,item_1245,334.75,46.15,Cancelled,2617.91,North,High,1245
1246,2246,Electronics,item_1246,130.07,16.11,Pending,491.67,South,Medium,1246
1247,2247,Toys,item_1247,352.3,156.76,Pending,2181.54,West,Low,1247
1248,2248,Grocery,item_1248,64.52,39.4,Cancelled,144.75,South,Low,1248
1249,2249,Furniture,item_1249,418.01,343.15,Pending,1684.76,East,Low,1249
1250,2250,Clothing,item_1250,217.6,86.83,Completed,1588.43,South,Low,1250
1251,2251,Toys,item_1251,37.44,202.22,Cancelled,2929.16,North,Low,1251
1252,2252,Grocery,item_1252,329.82,208.5,Pending,536.23,East,Low,1252
1253,2253,Grocery,item_1253,63.12,48.13,Cancelled,2347.45,East,High,1253
1254,2254,Clothing,item_1254,275.37,42.01,Cancelled,82.38,East,High,1254
1255,2255,Electronics,item_1255,127.76,51.67,Cancelled,1716.15,West,High,1255
1256,2256,Electronics,item_1256,472.32,14.15,Pending,2267.45,West,Low,
1257,2257,Furniture,item_1257,365.59,487.19,Cancelled,2040.32,East,Medium,1257
1258,2258,Toys,item_1258,59.49,405.67,Completed,119.87,West,Medium,1258
1259,2259,Electronics,item_1259,152.16,84.25,Pending,282.32,North,Low,1259
1260,2260,Clothing,item_1260,405.66,330.57,Cancelled,525.09,East,Medium,1260
1261,2261,Grocery,item_1261,152.51,315.5,Pending,168.04,West,High,1261
1262,2262,Toys,item_1262,307.37,479.43,Cancelled,1901.98,West,High,1262
1263,2263,Clothing,item_1263,385.5,161.68,Completed,1521.79,West,Medium,1263
1264,2264,Grocery,item_1264,89.12,147.26,Pending,1092.44,North,High,1264
1265,2265,Furniture,item_1265,136.39,241.9,Pending,2301.28,West,Low,1265
1266,2266,Electronics,item_1266,486.12,249.25,Pending,2584.06,West,Medium,1266
1267,2267,Clothing,item_1267,226.01,261.11,Cancelled,2858.53,East,High,1267
1268,2268,Toys,item_1268,230.55,439.93,Cancelled,175.89,North,Low,1268
1269,2269,Toys,item_1269,13.89,428.0,Pending,1158.67,West,High,1269
1270,2270,Furniture,item_1270,337.88,180.98,Pending,1945.33,West,High,1270
1271,2271,Electronics,item_1271,459.56,462.02,Pending,638.44,East,High,1271
1272,2272,Toys,item_1272,248.28,354.12,Pending,387.26,West,High,1272
1273,2273,Furniture,item_1273,81.3,114.6,Cancelled,142.4,West,High,1273
1274,2274,Grocery,item_1274,396.88,489.49,Completed,209.53,North,Low,1274
1275,2275,Grocery,item_1275,321.49,50.96,Completed,858.02,North,Medium,1275
1276,2276,Furniture,item_1276,436.93,267.14,Cancelled,2684.57,South,High,1276
1277,2277,Furniture,item_1277,177.59,379.06,Completed,635.89,West,Medium,1277
1278,2278,Clothing,item_1278,483.14,224.02,Cancelled,1732.43,North,Low,1278
1279,2279,Toys,item_1279,107.29,364.13,Cancelled,1868.71,East,Low,1279
1280,2280,Grocery,item_1280,16.95,449.29,Completed,1523.36,East,High,1280
1281,2281,Furniture,item_1281,138.77,363.92,Pending,2832.81,South,Low,1281
1282,2282,Toys,item_1282,57.75,117.13,Completed,1289.52,South,Low,1282
1283,2283,Grocery,item_1283,112.78,103.67,Cancelled,1751.67,North,Medium,1283
1284,2284,Electronics,item_1284,157.95,160.41,Completed,2112.99,West,Medium,1284
1285,2285,Grocery,item_1285,415.81,218.67,Pending,384.47,South,Medium,1285
1286,2286,Clothing,item_1286,280.85,89.7,Pending,1175.61,West,Low,1286
1287,2287,Toys,item_1287,469.57,453.88,Completed,2986.32,North,High,1287
1288,2288,Toys,item_1288,466.92,60.8,Cancelled,2267.59,North,Low,1288
1289,2289,Toys,item_1289,404.88,337.18,Pending,675.02,West,Low,1289
1290,2290,Clothing,item_1290,429.61,475.77,Pending,2904.47,West,Medium,1290
1291,2291,Furniture,item_1291,13.73,193.58,Completed,1547.3,East,Low,1291
1292,2292,Furniture,item_1292,339.92,12.04,Pending,146.39,North,High,1292
1293,2293,Toys,item_1293,411.82,303.97,Pending,552.71,West,High,1293
1294,2294,Furniture,item_1294,104.4,325.77,Completed,2413.93,West,High,1294
1295,2295,Furniture,item_1295,488.9,95.12,Pending,1575.97,West,High,1295
1296,2296,Clothing,item_1296,257.09,319.41,Pending,2536.94,East,Low,1296
1297,2297,Grocery,item_1297,109.84,55.7,Pending,84.04,South,High,1297
1298,2298,Toys,item_1298,461.09,48.6,Pending,124.61,South,Medium,1298
1299,2299,Grocery,item_1299,101.41,329.74,Completed,925.92,South,Low,1299
1300,2300,Furniture,item_1300,387.49,333.04,Pending,294.74,South,Low,1300
1301,2301,Toys,item_1301,434.8,64.36,Cancelled,411.92,South,Medium,
1302,2302,Clothing,item_1302,55.46,252.18,Pending,2742.52,South,Medium,1302
1303,2303,Electronics,item_1303,212.74,248.39,Cancelled,275.12,West,Medium,1303
1304,2304,Furniture,item_1304,406.19,98.11,Completed,2715.73,North,High,1304
1305,2305,Grocery,item_1305,247.12,310.86,Cancelled,64.79,East,High,1305
1306,2306,Electronics,item_1306,272.62,263.82,Completed,688.1,East,High,1306
1307,2307,Electronics,item_1307,170.49,117.68,Cancelled,2090.23,South,Medium,1307
1308,2308,Clothing,item_1308,477.08,180.79,Cancelled,1973.18,West,Low,1308
1309,2309,Furniture,item_1309,261.2,205.97,Completed,787.77,South,Low,1309
1310,2310,Grocery,item_1310,481.32,60.42,Cancelled,969.18,South,Low,1310
1311,2311,Furniture,item_1311,217.63,376.07,Pending,1887.59,West,Medium,1311
1312,2312,Grocery,item_1312,193.24,320.02,Completed,1375.74,North,Low,1312
1313,2313,Furniture,item_1313,153.8,415.08,Cancelled,2853.62,East,Medium,1313
1314,2314,Clothing,item_1314,406.43,220.4,Completed,1105.35,North,High,
1315,2315,Grocery,item_1315,81.07,164.08,Completed,989.84,North,Low,1315
1316,2316,Furniture,item_1316,288.06,167.57,Completed,1706.84,West,Medium,1316
1317,2317,Toys,item_1317,116.56,284.87,Cancelled,1843.32,North,Low,1317
1318,2318,Furniture,item_1318,344.24,223.25,Pending,634.54,North,Medium,1318
1319,2319,Grocery,item_1319,216.41,70.81,Completed,1824.22,West,High,1319
1320,2320,Grocery,item_1320,18.74,393.82,Cancelled,2964.47,West,Medium,1320
1321,2321,Furniture,item_1321,28.13,271.4,Cancelled,165.4,North,High,1321
1322,2322,Furniture,item_1322,364.39,144.59,Pending,1231.02,East,Medium,1322
1323,2323,Furniture,item_1323,156.24,492.14,Pending,2553.58,North,Medium,1323
1324,2324,Electronics,item_1324,24.35,33.44,Completed,459.27,East,Low,1324
1325,2325,Clothing,item_1325,93.39,103.67,Pending,2457.64,North,Low,1325
1326,2326,Grocery,item_1326,442.83,31.11,Completed,2844.08,North,Medium,1326
1327,2327,Toys,item_1327,397.9,195.98,Cancelled,552.5,South,Low,1327
1328,2328,Clothing,item_1328,166.47,82.52,Cancelled,2669.01,West,Low,1328
1329,2329,Electronics,item_1329,265.66,127.86,Pending,2000.74,East,Medium,1329
1330,2330,Furniture,item_1330,120.66,139.27,Pending,2148.58,East,Low,1330
1331,2331,Clothing,item_1331,333.15,370.28,Completed,2100.15,North,Medium,1331
1332,2332,Electronics,item_1332,338.54,239.39,Pending,604.36,North,Medium,1332
1333,2333,Toys,item_1333,383.19,261.82,Pending,2293.44,East,Low,1333
1334,2334,Clothing,item_1334,425.43,61.77,Completed,695.42,East,Medium,1334
1335,2335,Toys,item_1335,261.6,392.21,Completed,252.49,West,High,1335
1336,2336,Toys,item_1336,327.71,82.17,Completed,2247.83,South,High,1336
1337,2337,Clothing,item_1337,140.71,243.36,Cancelled,1385.29,East,High,1337
1338,2338,Electronics,item_1338,183.67,113.91,Pending,1531.46,East,High,1338
1339,2339,Grocery,item_1339,57.93,327.82,Cancelled,2787.66,South,Medium,1339
1340,2340,Clothing,item_1340,301.08,269.49,Pending,1579.92,North,Low,1340
1341,2341,Clothing,item_1341,479.9,117.59,Completed,2690.42,East,High,
1342,2342,Electronics,item_1342,144.98,442.47,Cancelled,2161.68,West,Medium,1342
1343,2343,Grocery,item_1343,252.63,93.8,Completed,1075.52,East,Low,1343
1344,2344,Electronics,item_1344,56.18,256.59,Cancelled,1885.25,East,Low,1344
1345,2345,Grocery,item_1345,343.91,91.66,Pending,2704.61,South,High,1345
1346,2346,Furniture,item_1346,173.69,96.98,Pending,2649.71,South,Low,1346
1347,2347,Electronics,item_1347,301.06,485.08,Cancelled,52.97,South,Medium,1347
1348,2348,Electronics,item_1348,287.96,495.3,Completed,1599.54,South,High,1348
1349,2349,Electronics,item_1349,159.26,370.73,Pending,1497.45,East,Low,1349
1350,2350,Furniture,item_1350,134.23,234.79,Pending,938.35,East,Low,1350
1351,2351,Toys,item_1351,247.33,142.27,Cancelled,2198.24,North,High,1351
1352,2352,Clothing,item_1352,333.09,79.4,Pending,141.17,West,Medium,1352
1353,2353,Electronics,item_1353,104.98,477.86,Cancelled,368.4,East,Low,1353
1354,2354,Furniture,item_1354,493.79,439.29,Completed,832.66,East,Medium,1354
1355,2355,Furniture,item_1355,473.18,145.36,Completed,171.24,East,Low,1355
1356,2356,Furniture,item_1356,287.66,398.34,Pending,900.81,North,Medium,1356
1357,2357,Clothing,item_1357,238.5,83.61,Pending,1890.2,South,Medium,1357
1358,2358,Electronics,item_1358,401.89,17.64,Completed,691.11,North,High,1358
1359,2359,Electronics,item_1359,220.86,333.52,Completed,197.21,South,Medium,1359
1360,2360,Toys,item_1360,336.01,386.75,Completed,2863.37,East,High,1360
1361,2361,Clothing,item_1361,221.7,459.95,Pending,695.63,West,Medium,1361
1362,2362,Furniture,item_1362,217.06,483.78,Completed,2684.45,East,Low,1362
1363,2363,Toys,item_1363,223.55,439.21,Cancelled,460.57,South,Medium,1363
1364,2364,Toys,item_1364,107.77,159.45,Pending,1721.66,West,Low,1364
1365,2365,Furniture,item_1365,57.06,268.02,Cancelled,974.12,East,Medium,1365
1366,2366,Furniture,item_1366,216.05,211.03,Completed,2742.05,North,Medium,1366
1367,2367,Clothing,item_1367,311.45,158.17,Completed,1761.95,East,High,1367
1368,2368,Toys,item_1368,440.12,36.23,Pending,421.51,North,Medium,1368
1369,2369,Toys,item_1369,235.51,36.63,Completed,847.02,North,Medium,1369
1370,2370,Grocery,item_1370,287.07,348.39,Completed,408.26,North,Low,1370
1371,2371,Clothing,item_1371,285.4,483.97,Completed,709.45,South,Medium,1371
1372,2372,Electronics,item_1372,404.75,315.6,Completed,388.39,North,High,1372
1373,2373,Electronics,item_1373,264.71,131.13,Completed,1447.54,West,Medium,1373
1374,2374,Electronics,item_1374,156.96,247.02,Completed,2469.8,East,Low,1374
1375,2375,Toys,item_1375,70.37,81.66,Completed,595.18,South,High,1375
1376,2376,Toys,item_1376,108.17,245.43,Pending,2019.23,West,Medium,1376
1377,2377,Furniture,item_1377,199.05,401.93,Pending,1279.84,West,High,1377
1378,2378,Furniture,item_1378,68.86,200.82,Cancelled,943.15,West,High,
1379,2379,Grocery,item_1379,481.77,239.27,Cancelled,1402.13,North,High,1379
1380,2380,Toys,item_1380,113.28,452.25,Cancelled,1202.34,North,High,1380
1381,2381,Grocery,item_1381,331.41,285.94,Pending,2159.79,South,Medium,1381
1382,2382,Grocery,item_1382,462.5,43.42,Cancelled,1477.05,West,Low,1382
1383,2383,Toys,item_1383,357.17,258.42,Cancelled,1600.03,South,Low,1383
1384,2384,Toys,item_1384,180.57,312.56,Pending,249.33,North,Low,1384
1385,2385,Electronics,item_1385,335.98,254.72,Cancelled,1455.42,South,Low,1385
1386,2386,Electronics,item_1386,450.9,95.26,Pending,2279.65,West,High,1386
1387,2387,Grocery,item_1387,66.09,424.93,Completed,1352.51,East,Low,1387
1388,2388,Electronics,item_1388,462.54,167.37,Cancelled,1376.05,South,Low,1388
1389,2389,Clothing,item_1389,105.9,250.64,Cancelled,893.96,South,Low,1389
1390,2390,Toys,item_1390,406.25,104.22,Cancelled,121.52,North,High,1390
1391,2391,Clothing,item_1391,447.71,186.18,Pending,1726.47,North,Medium,
1392,2392,Toys,item_1392,253.13,417.88,Cancelled,2491.35,East,Medium,1392
1393,2393,Toys,item_1393,428.18,402.78,Pending,1311.16,West,High,1393
1394,2394,Clothing,item_1394,393.37,156.13,Completed,1521.2,North,Low,1394
1395,2395,Electronics,item_1395,119.77,470.9,Pending,1201.76,East,High,1395
1396,2396,Clothing,item_1396,484.38,46.64,Cancelled,762.13,East,Medium,1396
1397,2397,Toys,item_1397,351.78,64.33,Pending,2813.93,East,Low,1397
1398,2398,Grocery,item_1398,216.49,108.25,Completed,460.9,East,Low,
1399,2399,Electronics,item_1399,125.45,45.73,Cancelled,2717.76,North,Medium,1399
1400,2400,Furniture,item_1400,303.09,310.09,Completed,2668.18,West,High,1400
1401,2401,Electronics,item_1401,60.99,253.33,Completed,1968.49,West,Medium,1401
1402,2402,Clothing,item_1402,20.51,37.12,Completed,1625.85,West,Low,1402
1403,2403,Electronics,item_1403,280.72,35.55,Pending,2101.55,West,Low,1403
1404,2404,Clothing,item_1404,66.64,67.82,Cancelled,2948.48,East,Medium,1404
1405,2405,Furniture,item_1405,459.85,126.7,Completed,1786.42,South,Medium,1405
1406,2406,Toys,item_1406,288.34,495.56,Completed,2626.1,South,High,1406
1407,2407,Clothing,item_1407,224.89,148.47,Pending,1081.52,South,Medium,1407
1408,2408,Furniture,item_1408,244.56,69.96,Completed,275.31,South,Medium,1408
1409,2409,Grocery,item_1409,449.84,430.79,Pending,2153.74,East,Low,1409
1410,2410,Clothing,item_1410,268.15,141.09,Cancelled,1647.19,North,High,1410
1411,2411,Furniture,item_1411,355.7,314.72,Pending,281.42,South,Low,1411
1412,2412,Toys,item_1412,113.28,192.47,Completed,155.81,South,Low,1412
1413,2413,Furniture,item_1413,476.99,20.43,Completed,847.38,West,Medium,1413
1414,2414,Electronics,item_1414,39.26,428.74,Pending,1511.3,West,Medium,1414
1415,2415,Clothing,item_1415,110.81,100.37,Pending,1620.85,East,High,1415
1416,2416,Grocery,item_1416,469.24,455.93,Pending,2771.96,East,Low,1416
1417,2417,Electronics,item_1417,177.06,416.33,Pending,2603.94,North,High,1417
1418,2418,Grocery,item_1418,430.67,469.61,Pending,1300.31,East,High,1418
1419,2419,Furniture,item_1419,375.36,463.08,Completed,2727.75,East,Low,1419
1420,2420,Electronics,item_1420,499.41,387.96,Pending,1045.72,West,High,1420
1421,2421,Grocery,item_1421,141.69,132.75,Cancelled,2440.27,North,High,1421
1422,2422,Grocery,item_1422,419.64,425.32,Pending,1415.04,West,High,1422
1423,2423,Grocery,item_1423,245.3,423.72,Completed,1255.4,North,Medium,1423
1424,2424,Toys,item_1424,163.87,41.38,Completed,811.12,East,Medium,1424
1425,2425,Clothing,item_1425,121.44,95.5,Cancelled,1985.14,South,High,1425
1426,2426,Clothing,item_1426,345.38,431.68,Cancelled,986.14,South,High,1426
1427,2427,Grocery,item_1427,487.89,17.9,Pending,1644.3,North,Low,1427
1428,2428,Electronics,item_1428,47.96,227.47,Cancelled,278.48,South,Medium,1428
1429,2429,Furniture,item_1429,44.98,218.97,Pending,472.08,East,Low,1429
1430,2430,Grocery,item_1430,487.8,449.72,Pending,1438.52,East,Low,1430
1431,2431,Grocery,item_1431,31.86,465.85,Cancelled,125.33,South,Medium,
1432,2432,Toys,item_1432,393.9,359.29,Completed,1167.58,North,Low,1432
1433,2433,Furniture,item_1433,383.68,328.11,Completed,2877.94,South,Low,1433
1434,2434,Toys,item_1434,318.86,369.64,Cancelled,2212.48,North,Low,1434
1435,2435,Toys,item_1435,264.96,165.3,Completed,2516.23,East,High,1435
1436,2436,Grocery,item_1436,123.14,164.26,Completed,2094.57,West,Low,1436
1437,2437,Furniture,item_1437,187.32,182.47,Cancelled,275.51,East,Low,1437
1438,2438,Clothing,item_1438,229.99,215.24,Cancelled,2492.07,South,Low,1438
1439,2439,Furniture,item_1439,340.31,336.29,Cancelled,817.82,East,Medium,1439
1440,2440,Electronics,item_1440,210.17,257.46,Completed,1749.23,South,High,1440
1441,2441,Electronics,item_1441,91.72,215.13,Cancelled,2148.58,West,Low,1441
1442,2442,Electronics,item_1442,418.59,21.73,Completed,2970.3,South,Low,1442
1443,2443,Furniture,item_1443,453.09,183.64,Pending,2105.94,South,Low,1443
1444,2444,Grocery,item_1444,449.74,450.19,Cancelled,1845.83,North,Low,1444
1445,2445,Grocery,item_1445,475.46,456.23,Cancelled,1376.77,West,Medium,
1446,2446,Clothing,item_1446,369.39,364.62,Cancelled,2753.21,North,High,1446
1447,2447,Toys,item_1447,300.59,340.21,Pending,1169.16,West,High,1447
1448,2448,Toys,item_1448,146.86,388.77,Completed,927.18,East,High,1448
1449,2449,Toys,item_1449,294.12,423.59,Pending,891.51,West,Medium,1449
1450,2450,Clothing,item_1450,30.55,473.08,Cancelled,671.51,East,Low,1450
1451,2451,Grocery,item_1451,58.74,149.55,Completed,899.14,West,Medium,1451
1452,2452,Clothing,item_1452,151.35,459.67,Cancelled,2272.73,South,Low,1452
1453,2453,Electronics,item_1453,111.35,421.01,Completed,130.68,North,Low,1453
1454,2454,Clothing,item_1454,13.27,417.93,Completed,1140.14,East,Low,1454
1455,2455,Furniture,item_1455,265.24,417.21,Pending,2758.09,North,Medium,1455
1456,2456,Furniture,item_1456,138.9,433.61,Pending,2208.32,North,Medium,1456
1457,2457,Clothing,item_1457,366.41,170.29,Cancelled,1039.24,West,Low,1457
1458,2458,Electronics,item_1458,356.34,164.26,Completed,1328.46,East,High,1458
1459,2459,Electronics,item_1459,475.1,317.37,Completed,453.78,West,High,1459
1460,2460,Grocery,item_1460,240.36,247.41,Completed,2214.0,East,High,1460
1461,2461,Electronics,item_1461,475.91,430.01,Cancelled,681.86,West,High,1461
1462,2462,Toys,item_1462,112.19,97.28,Pending,2079.55,West,Low,1462
1463,2463,Grocery,item_1463,247.27,331.9,Completed,2639.77,South,Medium,1463
1464,2464,Furniture,item_1464,400.41,202.18,Pending,1653.07,East,High,1464
1465,2465,Grocery,item_1465,215.6,229.11,Completed,2004.13,North,High,1465
1466,2466,Grocery,item_1466,333.7,180.31,Pending,2129.22,West,Medium,1466
1467,2467,Clothing,item_1467,24.19,141.28,Completed,2674.94,West,High,1467
1468,2468,Grocery,item_1468,138.19,165.63,Pending,2436.64,West,Medium,1468
1469,2469,Electronics,item_1469,141.48,366.81,Pending,1926.99,North,Medium,1469
1470,2470,Clothing,item_1470,290.53,91.6,Completed,2349.68,North,Low,1470
1471,2471,Clothing,item_1471,306.43,19.76,Cancelled,112.3,West,High,1471
1472,2472,Grocery,item_1472,456.99,385.75,Cancelled,237.22,North,Low,1472
1473,2473,Toys,item_1473,107.24,86.93,Cancelled,1216.8,South,Medium,1473
1474,2474,Grocery,item_1474,172.44,115.65,Cancelled,783.68,North,High,1474
1475,2475,Toys,item_1475,60.24,204.99,Pending,174.74,East,Medium,1475
1476,2476,Clothing,item_1476,26.55,377.46,Pending,1983.06,South,Low,
1477,2477,Electronics,item_1477,47.5,257.21,Cancelled,2299.04,West,High,1477
1478,2478,Toys,item_1478,306.39,84.41,Cancelled,1785.18,West,High,
1479,2479,Grocery,item_1479,394.54,218.32,Cancelled,119.12,East,Medium,1479
1480,2480,Grocery,item_1480,484.94,292.34,Pending,909.15,North,High,1480
1481,2481,Toys,item_1481,146.49,149.37,Cancelled,1622.95,South,Medium,1481
1482,2482,Furniture,item_1482,366.5,476.21,Cancelled,2158.01,West,High,
1483,2483,Electronics,item_1483,204.7,123.74,Pending,1456.58,North,Low,1483
1484,2484,Clothing,item_1484,406.74,488.15,Completed,1704.61,South,Medium,1484
1485,2485,Electronics,item_1485,79.25,312.08,Pending,1594.05,South,High,1485
1486,2486,Grocery,item_1486,211.81,372.85,Completed,157.7,West,High,1486
1487,2487,Clothing,item_1487,379.97,399.4,Cancelled,1524.46,South,Medium,1487
1488,2488,Furniture,item_1488,262.07,430.74,Cancelled,290.23,North,Medium,1488
1489,2489,Furniture,item_1489,72.37,16.68,Cancelled,2257.04,South,High,1489
1490,2490,Electronics,item_1490,29.14,217.85,Completed,1897.19,West,High,1490
1491,2491,Toys,item_1491,214.89,14.54,Completed,1334.66,East,Low,1491
1492,2492,Grocery,item_1492,266.02,311.4,Pending,1713.24,South,High,1492
1493,2493,Clothing,item_1493,403.38,476.48,Pending,1582.17,East,Medium,1493
1494,2494,Grocery,item_1494,464.27,362.86,Completed,534.5,West,High,1494
1495,2495,Clothing,item_1495,83.67,42.85,Completed,969.93,South,High,1495
1496,2496,Toys,item_1496,234.71,56.41,Cancelled,1432.65,South,High,1496
1497,2497,Toys,item_1497,442.84,179.03,Completed,2787.24,East,Medium,1497
1498,2498,Furniture,item_1498,296.39,159.82,Cancelled,2312.62,East,Low,1498
1499,2499,Clothing,item_1499,47.96,84.69,Cancelled,688.5,South,Medium,1499
1500,2500,Clothing,item_1500,400.47,297.79,Pending,1023.97,East,Low,1500
1501,2501,Furniture,item_1501,112.56,11.31,Completed,2967.81,North,Low,1501
1502,2502,Clothing,item_1502,242.98,10.12,Completed,2693.06,North,High,1502
1503,2503,Furniture,item_1503,218.45,241.13,Pending,1526.11,North,High,1503
1504,2504,Furniture,item_1504,389.22,356.06,Pending,969.7,East,Low,1504
1505,2505,Toys,item_1505,422.67,478.13,Cancelled,2509.13,South,Medium,1505
1506,2506,Furniture,item_1506,350.6,132.76,Completed,1695.82,West,Low,1506
1507,2507,Electronics,item_1507,434.41,429.13,Cancelled,1070.68,West,High,1507
1508,2508,Clothing,item_1508,197.4,97.71,Cancelled,2986.54,South,Medium,1508
1509,2509,Clothing,item_1509,12.75,162.09,Completed,2737.57,East,Low,1509
1510,2510,Toys,item_1510,143.78,327.14,Cancelled,1462.27,North,Low,1510
1511,2511,Grocery,item_1511,316.38,485.86,Completed,2596.4,West,Low,1511
1512,2512,Furniture,item_1512,95.15,377.47,Cancelled,2264.23,North,High,1512
1513,2513,Toys,item_1513,448.19,85.06,Cancelled,571.88,South,High,1513
1514,2514,Electronics,item_1514,37.46,322.36,Completed,977.0,East,High,1514
1515,2515,Electronics,item_1515,173.01,339.28,Pending,2698.32,South,Low,1515
1516,2516,Grocery,item_1516,263.01,470.87,Pending,1278.32,North,High,1516
1517,2517,Toys,item_1517,82.28,140.65,Completed,1358.03,East,Low,1517
1518,2518,Toys,item_1518,210.53,321.3,Completed,967.94,East,High,1518
1519,2519,Toys,item_1519,419.69,52.19,Pending,310.08,North,High,1519
1520,2520,Clothing,item_1520,165.58,317.05,Completed,2311.83,North,High,1520
1521,2521,Furniture,item_1521,49.82,364.9,Completed,957.96,South,Low,1521
1522,2522,Clothing,item_1522,162.14,195.86,Pending,575.11,South,Low,1522
1523,2523,Clothing,item_1523,419.28,143.67,Completed,572.48,East,Medium,1523
1524,2524,Grocery,item_1524,55.28,184.03,Pending,1079.13,West,Low,1524
1525,2525,Clothing,item_1525,28.0,419.01,Pending,509.33,South,Low,1525
1526,2526,Grocery,item_1526,111.65,352.83,Cancelled,1677.25,East,High,1526
1527,2527,Clothing,item_1527,136.52,239.17,Completed,2769.66,South,Medium,1527
1528,2528,Toys,item_1528,168.27,286.25,Cancelled,1785.75,North,Medium,1528
1529,2529,Grocery,item_1529,435.97,13.87,Pending,1452.71,East,Low,1529
1530,2530,Clothing,item_1530,457.44,160.08,Pending,1663.0,North,Medium,1530
1531,2531,Furniture,item_1531,300.85,350.3,Cancelled,1228.03,South,Medium,1531
1532,2532,Toys,item_1532,175.56,342.49,Pending,168.38,South,Low,1532
1533,2533,Furniture,item_1533,389.3,477.45,Pending,1799.57,South,Low,1533
1534,2534,Grocery,item_1534,444.43,482.97,Cancelled,635.46,South,High,1534
1535,2535,Electronics,item_1535,485.46,161.54,Completed,2414.39,West,Medium,1535
1536,2536,Electronics,item_1536,332.72,108.2,Completed,938.78,North,High,1536
1537,2537,Clothing,item_1537,223.91,364.83,Completed,2069.91,East,High,1537
1538,2538,Grocery,item_1538,58.96,279.42,Pending,2111.4,West,Low,1538
1539,2539,Furniture,item_1539,356.05,383.9,Completed,1193.34,East,High,1539
1540,2540,Grocery,item_1540,450.03,411.7,Cancelled,2624.42,West,Low,1540
1541,2541,Furniture,item_1541,338.24,485.41,Completed,704.0,South,High,1541
1542,2542,Grocery,item_1542,255.71,10.78,Cancelled,2267.47,North,Low,1542
1543,2543,Furniture,item_1543,102.11,113.5,Pending,323.91,West,Low,1543
1544,2544,Clothing,item_1544,149.63,199.54,Pending,152.74,West,High,1544
1545,2545,Toys,item_1545,418.77,237.81,Completed,1071.55,North,Low,1545
1546,2546,Electronics,item_1546,88.83,73.08,Cancelled,1182.77,West,High,1546
1547,2547,Furniture,item_1547,217.0,36.71,Pending,813.01,North,Low,1547
1548,2548,Furniture,item_1548,256.01,392.69,Cancelled,1038.44,East,High,1548
1549,2549,Furniture,item_1549,270.54,197.9,Cancelled,286.03,North,Medium,1549
1550,2550,Toys,item_1550,136.34,262.3,Cancelled,2196.5,West,Medium,1550
1551,2551,Grocery,item_1551,29.52,435.27,Pending,1132.96,East,Medium,
1552,2552,Grocery,item_1552,385.75,21.53,Pending,577.25,East,Medium,1552
1553,2553,Grocery,item_1553,155.86,27.45,Completed,1103.87,North,Low,
1554,2554,Clothing,item_1554,95.86,272.14,Completed,2194.02,West,Medium,1554
1555,2555,Grocery,item_1555,486.21,347.61,Completed,2760.39,West,High,1555
1556,2556,Grocery,item_1556,28.76,308.58,Cancelled,1931.55,North,Medium,1556
1557,2557,Electronics,item_1557,175.51,322.0,Pending,1296.46,North,High,1557
1558,2558,Grocery,item_1558,363.58,373.92,Completed,2518.72,West,High,1558
1559,2559,Toys,item_1559,137.88,158.57,Cancelled,1640.52,South,Low,1559
1560,2560,Grocery,item_1560,290.93,115.45,Pending,860.62,South,Medium,1560
1561,2561,Electronics,item_1561,306.27,455.78,Cancelled,890.49,North,Medium,1561
1562,2562,Furniture,item_1562,332.03,144.64,Pending,1817.28,East,High,1562
1563,2563,Electronics,item_1563,357.41,118.32,Cancelled,899.1,West,Low,1563
1564,2564,Toys,item_1564,171.09,200.63,Cancelled,87.07,East,Medium,1564
1565,2565,Furniture,item_1565,84.37,428.63,Pending,671.38,South,Low,1565
1566,2566,Furniture,item_1566,25.81,427.62,Completed,1912.58,East,High,1566
1567,2567,Toys,item_1567,190.9,152.99,Pending,1381.92,West,High,1567
1568,2568,Toys,item_1568,91.7,182.3,Pending,1275.41,North,Medium,1568
1569,2569,Furniture,item_1569,494.94,193.89,Cancelled,438.51,North,High,1569
1570,2570,Clothing,item_1570,496.14,289.67,Completed,2601.44,West,Low,1570
1571,2571,Clothing,item_1571,214.91,303.63,Pending,2322.97,North,Low,1571
1572,2572,Grocery,item_1572,256.13,270.93,Completed,2584.22,West,Medium,1572
1573,2573,Furniture,item_1573,86.91,437.94,Pending,900.8,East,Medium,1573
1574,2574,Electronics,item_1574,197.84,330.02,Pending,1260.37,North,Low,1574
1575,2575,Toys,item_1575,313.76,499.47,Cancelled,1733.22,West,High,1575
1576,2576,Clothing,item_1576,91.56,316.49,Cancelled,318.35,East,High,1576
1577,2577,Furniture,item_1577,280.51,433.08,Completed,1400.42,South,High,1577
1578,2578,Clothing,item_1578,168.13,153.56,Completed,660.67,West,Medium,1578
1579,2579,Toys,item_1579,227.39,128.52,Completed,2919.78,North,Low,1579
1580,2580,Clothing,item_1580,129.98,363.8,Completed,70.31,North,Low,1580
1581,2581,Toys,item_1581,497.81,432.46,Completed,2359.98,East,Low,1581
1582,2582,Toys,item_1582,327.07,271.74,Completed,1343.64,North,Medium,1582
1583,2583,Electronics,item_1583,188.05,361.15,Cancelled,1906.34,West,Medium,1583
1584,2584,Electronics,item_1584,81.53,138.62,Cancelled,2273.05,North,Low,1584
1585,2585,Furniture,item_1585,331.7,79.56,Completed,2396.88,South,Medium,1585
1586,2586,Electronics,item_1586,234.54,357.45,Completed,2283.09,East,Medium,1586
1587,2587,Grocery,item_1587,395.81,352.79,Cancelled,862.13,North,High,1587
1588,2588,Grocery,item_1588,22.71,441.28,Cancelled,1120.04,East,Medium,1588
1589,2589,Clothing,item_1589,288.14,159.32,Cancelled,1347.59,East,High,1589
1590,2590,Clothing,item_1590,81.8,153.24,Pending,809.05,South,High,1590
1591,2591,Toys,item_1591,158.45,296.28,Pending,1124.28,West,Medium,1591
1592,2592,Clothing,item_1592,486.48,325.49,Cancelled,2565.2,East,Low,1592
1593,2593,Furniture,item_1593,327.7,436.68,Pending,567.39,West,High,1593
1594,2594,Electronics,item_1594,177.76,161.56,Completed,492.76,North,Low,1594
1595,2595,Furniture,item_1595,235.07,457.22,Completed,2527.93,South,Low,1595
1596,2596,Electronics,item_1596,205.26,58.43,Pending,1546.88,East,Low,1596
1597,2597,Toys,item_1597,437.58,485.51,Completed,1367.57,South,High,1597
1598,2598,Clothing,item_1598,347.95,328.9,Completed,723.6,West,High,1598
1599,2599,Toys,item_1599,140.22,145.96,Cancelled,610.54,North,High,
1600,2600,Electronics,item_1600,111.79,129.53,Cancelled,1457.98,North,Low,1600
1601,2601,Electronics,item_1601,166.24,320.61,Completed,1460.98,West,High,1601
1602,2602,Electronics,item_1602,275.76,115.35,Pending,934.88,North,Low,1602
1603,2603,Electronics,item_1603,362.79,226.89,Cancelled,624.66,West,High,1603
1604,2604,Furniture,item_1604,304.66,251.38,Completed,1019.49,West,Low,1604
1605,2605,Grocery,item_1605,139.46,270.77,Pending,862.1,East,Low,1605
1606,2606,Clothing,item_1606,248.91,166.41,Cancelled,1437.99,South,High,1606
1607,2607,Furniture,item_1607,339.76,56.34,Pending,1060.17,South,High,1607
1608,2608,Clothing,item_1608,114.48,255.87,Pending,2310.94,West,High,1608
1609,2609,Toys,item_1609,113.04,339.22,Pending,511.34,West,High,1609
1610,2610,Toys,item_1610,334.67,169.58,Cancelled,2944.41,West,Low,1610
1611,2611,Grocery,item_1611,241.27,429.56,Pending,1143.83,East,Medium,1611
1612,2612,Grocery,item_1612,230.36,218.4,Pending,2299.95,North,Medium,1612
1613,2613,Furniture,item_1613,183.27,404.63,Pending,2312.79,North,Low,1613
1614,2614,Grocery,item_1614,154.45,193.0,Pending,1311.12,West,Medium,1614
1615,2615,Clothing,item_1615,400.76,312.6,Pending,2576.39,North,High,1615
1616,2616,Grocery,item_1616,364.2,471.33,Cancelled,1436.12,North,Low,1616
1617,2617,Furniture,item_1617,132.42,493.6,Cancelled,1156.31,North,High,1617
1618,2618,Grocery,item_1618,273.57,224.68,Pending,377.54,South,Low,1618
1619,2619,Furniture,item_1619,413.91,438.24,Cancelled,931.62,South,Low,1619
1620,2620,Clothing,item_1620,170.64,277.83,Cancelled,819.12,East,Low,1620
1621,2621,Electronics,item_1621,436.66,352.63,Cancelled,976.19,East,Medium,
1622,2622,Clothing,item_1622,100.23,239.48,Pending,1118.5,South,Low,1622
1623,2623,Grocery,item_1623,135.13,376.35,Completed,463.8,West,Medium,1623
1624,2624,Furniture,item_1624,401.07,417.52,Completed,2743.3,East,High,1624
1625,2625,Electronics,item_1625,480.3,437.81,Pending,2380.91,West,Medium,1625
1626,2626,Electronics,item_1626,369.87,287.0,Cancelled,2352.74,South,Low,1626
1627,2627,Electronics,item_1627,291.22,239.54,Cancelled,2979.2,North,Low,1627
1628,2628,Grocery,item_1628,238.2,445.78,Cancelled,499.01,East,High,1628
1629,2629,Toys,item_1629,176.51,268.58,Cancelled,2231.4,West,High,1629
1630,2630,Grocery,item_1630,13.11,415.83,Completed,75.19,East,Medium,1630
1631,2631,Clothing,item_1631,296.34,386.21,Cancelled,1400.37,South,Low,1631
1632,2632,Toys,item_1632,84.78,388.77,Completed,960.02,North,High,1632
1633,2633,Electronics,item_1633,391.94,274.64,Completed,1016.01,East,High,1633
1634,2634,Clothing,item_1634,158.44,217.9,Pending,737.29,South,Medium,1634
1635,2635,Furniture,item_1635,70.32,474.53,Completed,1359.66,South,Medium,
1636,2636,Furniture,item_1636,205.6,110.76,Pending,1791.14,North,High,
1637,2637,Toys,item_1637,457.51,365.01,Completed,530.5,South,High,1637
1638,2638,Toys,item_1638,185.61,497.73,Pending,613.39,North,Low,1638
1639,2639,Grocery,item_1639,259.28,473.0,Completed,71.4,West,Medium,1639
1640,2640,Electronics,item_1640,183.79,473.41,Completed,1330.74,East,High,1640
1641,2641,Electronics,item_1641,328.71,406.98,Pending,96.76,East,Low,1641
1642,2642,Grocery,item_1642,32.23,425.23,Completed,1715.51,South,Low,1642
1643,2643,Furniture,item_1643,383.52,39.98,Completed,2605.72,East,Medium,1643
1644,2644,Clothing,item_1644,215.43,95.57,Cancelled,2897.64,South,Medium,1644
1645,2645,Electronics,item_1645,395.41,24.69,Completed,952.89,East,Medium,1645
1646,2646,Electronics,item_1646,393.8,172.48,Pending,150.96,South,Medium,1646
1647,2647,Furniture,item_1647,383.63,364.04,Completed,516.61,North,Medium,
1648,2648,Electronics,item_1648,215.74,42.5,Pending,1420.08,West,Low,1648
1649,2649,Toys,item_1649,406.62,10.35,Pending,1434.99,East,High,1649
1650,2650,Toys,item_1650,189.14,310.67,Cancelled,334.37,West,Low,1650
1651,2651,Toys,item_1651,106.18,117.46,Completed,2426.07,South,High,1651
1652,2652,Electronics,item_1652,361.46,148.33,Cancelled,360.42,South,Medium,1652
1653,2653,Grocery,item_1653,171.03,487.24,Cancelled,1792.81,East,High,1653
1654,2654,Grocery,item_1654,333.99,293.89,Completed,2256.41,West,Low,1654
1655,2655,Clothing,item_1655,489.97,17.02,Cancelled,150.64,South,High,
1656,2656,Electronics,item_1656,290.32,247.08,Pending,603.86,West,Medium,1656
1657,2657,Furniture,item_1657,314.44,277.48,Completed,2247.63,East,Medium,1657
1658,2658,Clothing,item_1658,135.09,405.42,Pending,2327.42,West,Low,1658
1659,2659,Grocery,item_1659,384.0,138.8,Pending,1308.22,North,Low,1659
1660,2660,Clothing,item_1660,487.79,416.74,Completed,1673.87,East,High,1660
1661,2661,Grocery,item_1661,231.76,281.12,Completed,2900.56,South,Medium,1661
1662,2662,Toys,item_1662,105.49,421.61,Completed,2338.94,South,Low,1662
1663,2663,Toys,item_1663,304.46,84.37,Cancelled,1598.88,East,Low,1663
1664,2664,Toys,item_1664,91.71,87.79,Cancelled,538.62,South,Low,1664
1665,2665,Toys,item_1665,217.77,109.08,Completed,2879.22,West,Medium,1665
1666,2666,Toys,item_1666,486.28,447.93,Pending,999.67,East,High,1666
1667,2667,Toys,item_1667,337.38,112.29,Cancelled,1858.7,North,High,1667
1668,2668,Clothing,item_1668,80.46,413.0,Completed,1204.15,South,Low,1668
1669,2669,Toys,item_1669,104.75,418.82,Completed,717.6,East,High,1669
1670,2670,Electronics,item_1670,365.73,297.11,Cancelled,497.95,West,High,1670
1671,2671,Grocery,item_1671,15.28,67.47,Pending,1596.51,West,High,1671
1672,2672,Grocery,item_1672,412.9,275.22,Cancelled,1390.38,North,Low,1672
1673,2673,Grocery,item_1673,475.25,30.08,Pending,382.87,West,Medium,1673
1674,2674,Furniture,item_1674,381.65,120.07,Completed,311.29,East,High,1674
1675,2675,Furniture,item_1675,419.99,481.99,Pending,217.12,North,Medium,1675
1676,2676,Grocery,item_1676,453.32,323.73,Pending,1287.95,East,Medium,1676
1677,2677,Electronics,item_1677,359.42,247.92,Cancelled,1510.18,West,Low,1677
1678,2678,Furniture,item_1678,284.73,420.33,Pending,1839.55,West,High,1678
1679,2679,Toys,item_1679,420.72,324.91,Completed,1748.1,North,High,1679
1680,2680,Toys,item_1680,216.7,202.94,Cancelled,167.6,West,Medium,1680
1681,2681,Toys,item_1681,28.27,205.36,Cancelled,2245.94,West,Low,1681
1682,2682,Clothing,item_1682,287.8,21.83,Pending,341.47,West,High,1682
1683,2683,Grocery,item_1683,185.71,344.68,Pending,2922.06,South,Medium,1683
1684,2684,Electronics,item_1684,169.01,352.56,Cancelled,826.36,South,High,1684
1685,2685,Toys,item_1685,327.66,372.95,Pending,2353.86,South,Medium,1685
1686,2686,Grocery,item_1686,182.38,273.74,Completed,983.78,East,High,1686
1687,2687,Electronics,item_1687,323.33,163.33,Pending,1936.45,West,High,1687
1688,2688,Furniture,item_1688,181.79,404.89,Pending,2276.57,South,Medium,1688
1689,2689,Clothing,item_1689,295.1,455.33,Cancelled,1944.81,East,Low,
1690,2690,Furniture,item_1690,313.05,47.21,Completed,317.1,West,Medium,1690
1691,2691,Grocery,item_1691,271.09,204.41,Pending,355.7,East,Low,1691
1692,2692,Electronics,item_1692,168.68,120.16,Completed,775.42,South,Low,1692
1693,2693,Electronics,item_1693,252.3,418.29,Completed,773.79,South,Medium,1693
1694,2694,Clothing,item_1694,81.23,155.43,Completed,2579.72,West,Medium,1694
1695,2695,Toys,item_1695,499.2,104.2,Completed,2551.32,West,Low,1695
1696,2696,Furniture,item_1696,375.93,356.31,Pending,2420.11,East,Medium,1696
1697,2697,Clothing,item_1697,166.88,184.97,Cancelled,446.75,South,Low,1697
1698,2698,Electronics,item_1698,490.7,394.27,Cancelled,2139.64,East,High,1698
1699,2699,Toys,item_1699,121.63,180.69,Cancelled,1952.65,South,Medium,1699
1700,2700,Electronics,item_1700,235.52,224.56,Cancelled,1336.74,South,High,1700
1701,2701,Toys,item_1701,328.64,448.96,Pending,2609.35,South,High,1701
1702,2702,Electronics,item_1702,477.82,145.28,Pending,2844.69,North,Low,1702
1703,2703,Furniture,item_1703,355.07,471.95,Pending,684.85,West,Medium,1703
1704,2704,Grocery,item_1704,171.96,289.23,Cancelled,2841.49,South,Low,1704
1705,2705,Toys,item_1705,164.08,13.32,Cancelled,206.26,East,Low,1705
1706,2706,Electronics,item_1706,310.79,269.59,Cancelled,525.56,South,High,1706
1707,2707,Clothing,item_1707,419.51,24.45,Pending,2199.57,East,High,1707
1708,2708,Furniture,item_1708,291.26,475.02,Pending,2424.5,West,Low,1708
1709,2709,Grocery,item_1709,99.66,162.49,Completed,2136.43,East,Medium,1709
1710,2710,Grocery,item_1710,206.7,121.05,Cancelled,1917.37,East,Medium,1710
1711,2711,Toys,item_1711,136.31,440.86,Completed,2946.93,North,Low,1711
1712,2712,Clothing,item_1712,10.85,492.71,Completed,63.75,West,Medium,1712
1713,2713,Toys,item_1713,286.05,431.09,Completed,606.02,West,High,
1714,2714,Grocery,item_1714,57.51,344.76,Completed,1819.17,South,Medium,1714
1715,2715,Clothing,item_1715,258.59,409.04,Pending,139.51,North,Low,1715
1716,2716,Electronics,item_1716,405.53,162.72,Pending,367.94,South,Low,1716
1717,2717,Electronics,item_1717,253.85,305.72,Cancelled,2764.0,West,Low,1717
1718,2718,Furniture,item_1718,394.19,472.57,Cancelled,1685.66,East,High,1718
1719,2719,Clothing,item_1719,480.59,250.48,Pending,172.69,North,Medium,1719
1720,2720,Toys,item_1720,58.4,264.72,Cancelled,1981.67,West,Low,1720
1721,2721,Grocery,item_1721,166.96,229.47,Completed,914.23,West,Medium,1721
1722,2722,Electronics,item_1722,250.33,250.71,Pending,1705.7,West,Medium,1722
1723,2723,Grocery,item_1723,387.71,352.46,Cancelled,2502.21,South,High,1723
1724,2724,Toys,item_1724,376.45,289.92,Completed,1940.75,North,Low,1724
1725,2725,Grocery,item_1725,198.6,182.37,Cancelled,204.68,West,Low,
1726,2726,Clothing,item_1726,259.29,343.76,Completed,2736.45,North,Medium,1726
1727,2727,Clothing,item_1727,359.08,45.75,Completed,1511.06,North,High,1727
1728,2728,Clothing,item_1728,451.16,67.0,Pending,63.98,South,Low,1728
1729,2729,Grocery,item_1729,492.36,493.67,Completed,1146.76,West,High,1729
1730,2730,Toys,item_1730,130.62,337.58,Pending,2057.17,East,High,1730
1731,2731,Grocery,item_1731,210.51,15.01,Pending,1162.54,South,Medium,1731
1732,2732,Electronics,item_1732,317.0,203.78,Cancelled,2313.02,South,Low,1732
1733,2733,Electronics,item_1733,322.42,66.49,Pending,246.18,East,High,1733
1734,2734,Grocery,item_1734,478.11,360.36,Cancelled,1224.7,East,Medium,1734
1735,2735,Grocery,item_1735,63.16,68.51,Completed,2853.12,West,High,1735
1736,2736,Electronics,item_1736,239.79,63.58,Completed,162.19,West,High,1736
1737,2737,Electronics,item_1737,128.46,311.51,Pending,2228.12,West,Low,1737
1738,2738,Toys,item_1738,385.73,102.6,Completed,2188.48,North,Low,1738
1739,2739,Clothing,item_1739,177.26,475.7,Completed,1082.85,South,Low,
1740,2740,Furniture,item_1740,85.02,152.98,Completed,714.45,South,Medium,1740
1741,2741,Furniture,item_1741,22.4,225.86,Completed,1824.9,East,Low,1741
1742,2742,Toys,item_1742,482.45,37.79,Cancelled,242.14,North,Low,1742
1743,2743,Grocery,item_1743,191.48,80.31,Completed,2068.73,North,Medium,1743
1744,2744,Electronics,item_1744,408.72,386.66,Completed,2578.16,North,Low,
1745,2745,Electronics,item_1745,327.94,456.3,Cancelled,1952.13,East,Low,1745
1746,2746,Furniture,item_1746,456.02,126.46,Pending,1857.2,East,Low,1746
1747,2747,Clothing,item_1747,232.57,440.93,Completed,476.0,South,Medium,1747
1748,2748,Clothing,item_1748,190.36,20.26,Pending,474.75,West,Medium,1748
1749,2749,Toys,item_1749,427.32,493.87,Completed,2528.4,East,High,1749
1750,2750,Furniture,item_1750,442.97,235.68,Pending,1359.48,West,Medium,1750
1751,2751,Grocery,item_1751,336.03,75.23,Cancelled,657.45,South,Low,1751
1752,2752,Clothing,item_1752,474.52,367.36,Cancelled,1122.07,West,Low,1752
1753,2753,Furniture,item_1753,193.66,160.38,Pending,466.93,North,Low,1753
1754,2754,Grocery,item_1754,453.29,478.31,Cancelled,1265.75,South,High,1754
1755,2755,Clothing,item_1755,333.23,469.19,Pending,581.93,West,High,1755
1756,2756,Furniture,item_1756,288.02,94.45,Cancelled,2057.86,South,Low,1756
1757,2757,Clothing,item_1757,83.83,165.08,Completed,2610.69,South,Medium,1757
1758,2758,Toys,item_1758,269.99,317.76,Completed,2044.76,North,High,1758
1759,2759,Electronics,item_1759,172.44,54.07,Pending,648.87,South,High,
1760,2760,Electronics,item_1760,187.84,455.53,Cancelled,2718.32,West,Medium,1760
1761,2761,Clothing,item_1761,151.97,59.73,Cancelled,521.45,South,High,1761
1762,2762,Toys,item_1762,456.01,210.74,Cancelled,1679.35,West,Low,1762
1763,2763,Clothing,item_1763,488.3,335.3,Completed,2732.1,North,High,1763
1764,2764,Furniture,item_1764,241.68,243.67,Completed,1779.22,East,Medium,1764
1765,2765,Clothing,item_1765,229.19,19.73,Pending,2842.48,East,Medium,1765
1766,2766,Grocery,item_1766,43.76,76.12,Pending,2048.25,South,High,1766
1767,2767,Clothing,item_1767,481.17,167.14,Cancelled,2388.71,North,Medium,1767
1768,2768,Furniture,item_1768,17.82,446.61,Pending,2975.52,East,Medium,1768
1769,2769,Grocery,item_1769,491.2,453.1,Completed,1494.35,South,High,1769
1770,2770,Grocery,item_1770,138.93,498.12,Pending,169.34,West,Low,1770
1771,2771,Toys,item_1771,25.37,437.3,Cancelled,81.5,North,Medium,1771
1772,2772,Furniture,item_1772,196.21,27.63,Cancelled,847.34,West,Medium,1772
1773,2773,Toys,item_1773,428.28,394.22,Pending,2136.48,South,Medium,1773
1774,2774,Toys,item_1774,104.52,148.0,Completed,2744.4,North,Low,1774
1775,2775,Toys,item_1775,448.95,21.27,Completed,2428.37,North,High,1775
1776,2776,Grocery,item_1776,41.83,290.24,Completed,2347.69,North,High,1776
1777,2777,Grocery,item_1777,436.38,312.56,Completed,1769.13,West,Low,1777
1778,2778,Electronics,item_1778,310.16,37.52,Completed,638.59,North,High,1778
1779,2779,Electronics,item_1779,11.88,397.88,Completed,670.15,North,Medium,1779
1780,2780,Toys,item_1780,104.39,410.6,Cancelled,2964.39,South,Medium,1780
1781,2781,Toys,item_1781,433.85,40.02,Completed,1547.37,North,High,1781
1782,2782,Grocery,item_1782,80.51,275.58,Completed,2114.9,North,High,1782
1783,2783,Grocery,item_1783,380.58,121.58,Pending,1924.13,East,Low,1783
1784,2784,Grocery,item_1784,116.95,132.97,Pending,2219.56,North,Low,1784
1785,2785,Grocery,item_1785,147.91,89.02,Completed,235.21,East,Low,1785
1786,2786,Furniture,item_1786,49.18,384.57,Cancelled,1365.5,North,Medium,1786
1787,2787,Grocery,item_1787,352.06,306.7,Completed,1729.14,East,Medium,1787
1788,2788,Furniture,item_1788,191.52,157.12,Pending,974.75,South,High,1788
1789,2789,Electronics,item_1789,348.52,210.77,Pending,1006.88,West,Medium,1789
1790,2790,Furniture,item_1790,231.57,79.62,Pending,1287.81,North,High,1790
1791,2791,Furniture,item_1791,494.98,319.77,Pending,1128.84,West,Low,1791
1792,2792,Clothing,item_1792,300.54,100.12,Completed,98.35,West,High,1792
1793,2793,Clothing,item_1793,20.62,202.19,Pending,2497.85,East,High,1793
1794,2794,Toys,item_1794,364.63,222.1,Completed,1487.66,North,Medium,1794
1795,2795,Electronics,item_1795,476.95,355.95,Cancelled,903.5,South,Low,1795
1796,2796,Clothing,item_1796,214.01,16.35,Pending,1912.95,East,Low,1796
1797,2797,Toys,item_1797,220.21,69.71,Completed,1612.43,East,Low,1797
1798,2798,Clothing,item_1798,191.09,485.51,Completed,102.24,East,Medium,1798
1799,2799,Grocery,item_1799,347.26,455.97,Pending,1919.92,West,Medium,1799
1800,2800,Toys,item_1800,398.97,352.18,Completed,2898.15,South,Low,1800
1801,2801,Clothing,item_1801,408.53,132.06,Cancelled,1435.77,North,Medium,1801
1802,2802,Electronics,item_1802,198.23,82.69,Pending,289.86,West,Medium,1802
1803,2803,Grocery,item_1803,42.79,200.89,Completed,2384.28,East,Low,1803
1804,2804,Electronics,item_1804,242.14,119.43,Completed,1015.28,West,Low,1804
1805,2805,Grocery,item_1805,478.77,247.5,Pending,1834.07,South,Low,1805
1806,2806,Toys,item_1806,306.49,154.85,Completed,2219.71,South,Low,1806
1807,2807,Grocery,item_1807,131.63,194.24,Cancelled,2464.83,North,Medium,1807
1808,2808,Clothing,item_1808,155.09,24.12,Cancelled,2299.0,North,Medium,1808
1809,2809,Clothing,item_1809,228.88,197.19,Completed,1801.84,East,High,1809
1810,2810,Furniture,item_1810,145.22,356.09,Pending,890.05,South,Medium,1810
1811,2811,Electronics,item_1811,35.69,170.0,Pending,1138.02,East,Low,1811
1812,2812,Electronics,item_1812,318.16,326.7,Pending,575.1,North,Low,1812
1813,2813,Toys,item_1813,380.68,29.3,Cancelled,214.78,South,Medium,1813
1814,2814,Electronics,item_1814,78.56,60.1,Completed,2823.36,South,High,1814
1815,2815,Grocery,item_1815,175.7,212.19,Completed,1502.74,North,Low,1815
1816,2816,Furniture,item_1816,350.35,278.57,Completed,2452.37,West,High,1816
1817,2817,Grocery,item_1817,121.42,37.69,Cancelled,1695.17,North,Low,1817
1818,2818,Clothing,item_1818,244.56,30.67,Completed,2852.4,South,Low,1818
1819,2819,Furniture,item_1819,380.42,338.43,Completed,1555.23,East,Medium,1819
1820,2820,Furniture,item_1820,279.52,29.66,Cancelled,156.22,South,Low,
1821,2821,Grocery,item_1821,353.89,294.98,Pending,1551.99,South,Medium,1821
1822,2822,Toys,item_1822,13.6,317.56,Cancelled,880.18,East,Low,1822
1823,2823,Clothing,item_1823,379.54,135.58,Completed,1014.82,East,Medium,1823
1824,2824,Grocery,item_1824,231.31,228.32,Cancelled,2031.95,West,High,1824
1825,2825,Electronics,item_1825,199.85,62.3,Completed,640.42,East,Low,1825
1826,2826,Toys,item_1826,410.75,186.86,Completed,1961.1,South,Low,1826
1827,2827,Grocery,item_1827,116.23,21.67,Completed,688.45,South,Medium,1827
1828,2828,Furniture,item_1828,362.78,234.36,Pending,1825.35,South,Medium,1828
1829,2829,Toys,item_1829,149.82,493.52,Completed,279.14,North,High,1829
1830,2830,Toys,item_1830,34.51,15.49,Pending,2793.97,East,Medium,1830
1831,2831,Toys,item_1831,480.99,57.64,Pending,685.16,South,Medium,1831
1832,2832,Grocery,item_1832,47.29,214.57,Completed,927.54,North,High,1832
1833,2833,Grocery,item_1833,233.89,466.8,Completed,404.96,North,Medium,1833
1834,2834,Electronics,item_1834,52.19,125.05,Cancelled,2100.01,East,Medium,1834
1835,2835,Toys,item_1835,245.07,368.4,Completed,685.65,West,Low,
1836,2836,Electronics,item_1836,253.74,416.92,Pending,566.32,North,Low,1836
1837,2837,Electronics,item_1837,480.12,439.42,Cancelled,880.63,West,High,1837
1838,2838,Electronics,item_1838,338.91,481.96,Completed,742.71,West,High,1838
1839,2839,Electronics,item_1839,438.03,419.34,Pending,1698.89,West,High,1839
1840,2840,Electronics,item_1840,150.39,53.32,Pending,1395.96,West,Low,1840
1841,2841,Grocery,item_1841,365.84,274.98,Pending,2218.83,East,Medium,1841
1842,2842,Furniture,item_1842,192.33,491.92,Pending,485.52,West,Low,1842
1843,2843,Grocery,item_1843,481.08,52.36,Pending,2660.08,East,Medium,1843
1844,2844,Furniture,item_1844,379.31,432.28,Completed,2674.74,East,Low,1844
1845,2845,Clothing,item_1845,303.41,274.7,Cancelled,520.31,South,High,1845
1846,2846,Furniture,item_1846,50.05,215.3,Completed,2971.99,North,Low,1846
1847,2847,Electronics,item_1847,134.81,279.72,Completed,2232.15,East,Medium,1847
1848,2848,Grocery,item_1848,278.74,203.53,Cancelled,2467.11,South,Low,1848
1849,2849,Furniture,item_1849,347.02,494.1,Completed,1939.38,West,High,1849
1850,2850,Clothing,item_1850,360.94,447.66,Cancelled,2409.81,West,High,1850
1851,2851,Grocery,item_1851,128.5,209.0,Completed,1648.8,North,High,1851
1852,2852,Electronics,item_1852,154.93,111.47,Cancelled,260.44,East,Medium,
1853,2853,Furniture,item_1853,472.99,334.18,Completed,2108.56,East,Medium,1853
1854,2854,Clothing,item_1854,158.86,313.44,Pending,1923.9,North,Low,1854
1855,2855,Electronics,item_1855,255.0,182.23,Pending,2116.86,West,Low,1855
1856,2856,Furniture,item_1856,347.41,313.91,Pending,2849.91,West,High,1856
1857,2857,Furniture,item_1857,381.93,52.55,Pending,1654.02,North,High,1857
1858,2858,Electronics,item_1858,232.8,377.04,Completed,1830.65,West,High,1858
1859,2859,Toys,item_1859,390.81,428.77,Completed,1860.47,North,High,1859
1860,2860,Toys,item_1860,432.73,392.61,Cancelled,1361.07,South,Medium,1860
1861,2861,Toys,item_1861,200.21,463.24,Cancelled,2186.78,East,Low,1861
1862,2862,Toys,item_1862,250.64,452.11,Pending,2567.99,North,Medium,1862
1863,2863,Furniture,item_1863,63.74,85.85,Completed,637.41,West,High,1863
1864,2864,Clothing,item_1864,388.51,31.5,Completed,709.1,West,High,
1865,2865,Electronics,item_1865,59.75,78.21,Cancelled,2937.45,North,Medium,1865
1866,2866,Furniture,item_1866,20.06,267.34,Cancelled,1136.45,North,Medium,1866
1867,2867,Grocery,item_1867,223.78,354.0,Completed,242.27,East,Low,1867
1868,2868,Furniture,item_1868,258.49,129.18,Completed,406.98,South,High,1868
1869,2869,Clothing,item_1869,228.59,498.3,Pending,1694.24,West,High,1869
1870,2870,Clothing,item_1870,295.24,66.77,Completed,735.13,South,Medium,1870
1871,2871,Furniture,item_1871,15.48,39.4,Completed,382.62,East,Low,1871
1872,2872,Grocery,item_1872,441.39,77.16,Completed,2588.73,South,High,1872
1873,2873,Furniture,item_1873,244.58,58.53,Pending,1681.45,North,High,1873
1874,2874,Toys,item_1874,81.25,382.65,Pending,1564.48,North,Low,1874
1875,2875,Furniture,item_1875,421.49,187.24,Completed,2492.53,West,High,1875
1876,2876,Electronics,item_1876,436.63,392.51,Completed,618.19,East,Medium,1876
1877,2877,Clothing,item_1877,376.82,72.39,Cancelled,2850.69,West,Low,1877
1878,2878,Clothing,item_1878,128.26,265.42,Pending,2330.64,West,Low,1878
1879,2879,Electronics,item_1879,285.23,355.19,Completed,2330.11,North,Medium,
1880,2880,Grocery,item_1880,237.61,405.34,Pending,945.32,East,Medium,1880
1881,2881,Furniture,item_1881,260.61,199.19,Cancelled,1789.21,South,Medium,1881
1882,2882,Furniture,item_1882,487.86,271.04,Cancelled,1912.53,East,Low,1882
1883,2883,Grocery,item_1883,438.63,301.27,Completed,973.5,East,High,1883
1884,2884,Grocery,item_1884,486.45,104.0,Pending,1577.13,West,Medium,1884
1885,2885,Furniture,item_1885,338.15,102.29,Cancelled,2677.12,South,Low,1885
1886,2886,Grocery,item_1886,359.18,280.92,Completed,2404.19,South,High,1886
1887,2887,Grocery,item_1887,322.91,110.81,Cancelled,2499.65,South,Low,1887
1888,2888,Grocery,item_1888,130.36,247.33,Pending,2800.83,West,Low,1888
1889,2889,Grocery,item_1889,306.93,133.74,Pending,2448.69,West,High,1889
1890,2890,Grocery,item_1890,464.62,232.83,Cancelled,1771.57,East,Low,1890
1891,2891,Clothing,item_1891,140.19,490.97,Cancelled,2946.01,North,Medium,1891
1892,2892,Grocery,item_1892,68.53,98.74,Pending,2292.37,North,High,1892
1893,2893,Grocery,item_1893,62.66,272.26,Completed,2362.42,West,High,1893
1894,2894,Toys,item_1894,39.34,64.6,Cancelled,2172.74,East,Medium,
1895,2895,Clothing,item_1895,312.97,289.6,Pending,2787.16,East,High,1895
1896,2896,Toys,item_1896,296.22,383.55,Completed,2426.85,West,High,1896
1897,2897,Electronics,item_1897,477.69,54.68,Cancelled,1861.69,East,Medium,1897
1898,2898,Clothing,item_1898,424.24,118.28,Pending,1848.34,South,High,1898
1899,2899,Electronics,item_1899,127.0,161.16,Cancelled,2589.64,West,Medium,1899
1900,2900,Electronics,item_1900,425.17,210.18,Pending,1355.46,West,Low,1900
1901,2901,Electronics,item_1901,275.22,143.14,Cancelled,1499.98,East,Medium,1901
1902,2902,Toys,item_1902,311.66,420.73,Cancelled,656.14,South,Low,
1903,2903,Furniture,item_1903,92.51,207.96,Completed,976.92,West,Medium,1903
1904,2904,Grocery,item_1904,450.24,195.93,Pending,2883.93,South,Low,1904
1905,2905,Furniture,item_1905,359.4,20.72,Cancelled,1068.29,West,High,1905
1906,2906,Furniture,item_1906,455.5,53.84,Pending,1077.28,East,Medium,1906
1907,2907,Grocery,item_1907,244.48,92.59,Cancelled,1952.78,South,High,1907
1908,2908,Grocery,item_1908,33.51,122.0,Cancelled,2751.76,North,Low,1908
1909,2909,Electronics,item_1909,132.69,267.37,Pending,1386.65,East,High,1909
1910,2910,Grocery,item_1910,436.79,101.15,Pending,969.22,North,High,1910
1911,2911,Toys,item_1911,35.55,330.76,Cancelled,569.03,West,Medium,1911
1912,2912,Clothing,item_1912,18.42,481.06,Cancelled,2151.96,North,High,1912
1913,2913,Clothing,item_1913,271.64,391.74,Cancelled,2294.54,South,High,1913
1914,2914,Clothing,item_1914,130.37,14.29,Completed,2310.73,North,Low,1914
1915,2915,Electronics,item_1915,202.96,91.83,Pending,509.93,South,High,1915
1916,2916,Grocery,item_1916,291.19,146.85,Completed,1392.09,North,Low,1916
1917,2917,Toys,item_1917,379.71,42.87,Pending,450.92,East,Medium,1917
1918,2918,Furniture,item_1918,341.99,203.56,Cancelled,2192.39,West,Low,1918
1919,2919,Grocery,item_1919,395.33,292.96,Cancelled,1245.34,East,Low,1919
1920,2920,Clothing,item_1920,256.54,254.87,Completed,660.33,East,Medium,1920
1921,2921,Furniture,item_1921,197.46,156.76,Completed,977.91,South,High,1921
1922,2922,Clothing,item_1922,230.47,299.31,Cancelled,462.54,East,Medium,1922
1923,2923,Electronics,item_1923,451.25,452.8,Pending,1485.99,West,Low,1923
1924,2924,Clothing,item_1924,237.02,213.74,Completed,773.83,South,Low,1924
1925,2925,Grocery,item_1925,193.28,181.77,Pending,2666.79,West,High,1925
1926,2926,Grocery,item_1926,412.34,280.29,Completed,2805.23,West,High,1926
1927,2927,Clothing,item_1927,162.07,258.29,Completed,2976.69,South,Low,1927
1928,2928,Grocery,item_1928,39.34,259.66,Cancelled,1587.22,North,Medium,1928
1929,2929,Toys,item_1929,235.54,314.67,Pending,1135.5,North,Medium,1929
1930,2930,Furniture,item_1930,384.18,27.72,Cancelled,2199.56,North,High,1930
1931,2931,Furniture,item_1931,171.77,359.99,Cancelled,2181.5,East,High,1931
1932,2932,Clothing,item_1932,55.66,198.11,Pending,699.7,North,Medium,1932
1933,2933,Clothing,item_1933,105.3,288.95,Pending,2408.44,South,Medium,
1934,2934,Grocery,item_1934,495.31,113.2,Completed,532.0,North,Medium,1934
1935,2935,Electronics,item_1935,117.36,458.42,Completed,2778.22,West,High,1935
1936,2936,Furniture,item_1936,407.73,177.94,Cancelled,2939.4,West,Medium,1936
1937,2937,Toys,item_1937,445.69,409.05,Pending,1913.0,East,Low,1937
1938,2938,Toys,item_1938,264.82,146.69,Cancelled,2345.97,South,High,1938
1939,2939,Furniture,item_1939,246.86,170.8,Cancelled,936.68,West,High,1939
1940,2940,Grocery,item_1940,402.82,136.24,Completed,1687.29,South,High,1940
1941,2941,Clothing,item_1941,463.77,351.72,Cancelled,1120.83,West,Medium,1941
1942,2942,Grocery,item_1942,49.75,89.6,Pending,2848.05,North,Medium,1942
1943,2943,Electronics,item_1943,223.46,409.38,Completed,1271.96,North,Medium,1943
1944,2944,Electronics,item_1944,160.92,248.39,Pending,2787.11,West,Low,1944
1945,2945,Furniture,item_1945,426.23,150.37,Cancelled,2423.36,East,High,1945
1946,2946,Toys,item_1946,194.66,50.61,Completed,292.82,North,High,1946
1947,2947,Furniture,item_1947,449.32,467.84,Cancelled,1961.51,North,High,1947
1948,2948,Electronics,item_1948,75.41,492.01,Pending,2052.28,East,Low,1948
1949,2949,Electronics,item_1949,90.96,161.79,Completed,164.88,North,High,1949
1950,2950,Clothing,item_1950,396.88,449.56,Pending,367.24,East,Low,1950
1951,2951,Electronics,item_1951,417.58,149.38,Completed,1413.89,East,High,1951
1952,2952,Toys,item_1952,57.1,307.18,Cancelled,886.91,West,Medium,1952
1953,2953,Furniture,item_1953,407.03,185.79,Cancelled,953.88,West,Medium,1953
1954,2954,Clothing,item_1954,399.19,425.09,Cancelled,1013.5,South,Medium,1954
1955,2955,Clothing,item_1955,28.03,38.79,Completed,485.66,West,High,1955
1956,2956,Electronics,item_1956,148.41,173.04,Pending,1758.85,West,Medium,1956
1957,2957,Toys,item_1957,367.4,158.25,Cancelled,668.83,West,Low,1957
1958,2958,Clothing,item_1958,201.49,179.09,Completed,142.57,East,Medium,
1959,2959,Furniture,item_1959,237.12,483.61,Cancelled,2594.59,West,High,1959
1960,2960,Furniture,item_1960,332.62,479.45,Cancelled,2610.99,South,High,1960
1961,2961,Clothing,item_1961,477.6,213.74,Pending,2632.79,East,High,1961
1962,2962,Clothing,item_1962,127.61,305.92,Pending,2726.56,South,Medium,
1963,2963,Electronics,item_1963,319.45,358.57,Cancelled,1150.42,North,High,
1964,2964,Toys,item_1964,108.84,82.42,Cancelled,1993.06,East,Low,1964
1965,2965,Toys,item_1965,496.88,310.11,Cancelled,630.15,North,Medium,1965
1966,2966,Toys,item_1966,278.09,274.01,Pending,181.32,East,High,1966
1967,2967,Electronics,item_1967,242.51,440.33,Pending,2746.61,South,Medium,1967
1968,2968,Clothing,item_1968,230.14,157.14,Cancelled,2563.89,South,Low,1968
1969,2969,Grocery,item_1969,203.46,12.1,Completed,169.61,West,High,1969
1970,2970,Furniture,item_1970,33.4,47.29,Pending,1629.01,West,High,1970
1971,2971,Grocery,item_1971,386.76,335.02,Pending,2967.16,South,Low,1971
1972,2972,Grocery,item_1972,392.04,429.06,Pending,1704.23,East,High,1972
1973,2973,Clothing,item_1973,16.96,220.46,Pending,1958.19,West,High,1973
1974,2974,Grocery,item_1974,92.82,153.24,Pending,1275.95,West,High,1974
1975,2975,Grocery,item_1975,57.83,466.55,Pending,2993.76,North,High,1975
1976,2976,Electronics,item_1976,427.98,11.63,Completed,244.65,East,High,1976
1977,2977,Furniture,item_1977,175.39,255.23,Cancelled,1422.63,North,Medium,1977
1978,2978,Grocery,item_1978,394.89,184.57,Completed,1092.06,West,High,1978
1979,2979,Grocery,item_1979,365.4,456.35,Cancelled,2422.91,North,High,1979
1980,2980,Grocery,item_1980,88.57,409.46,Cancelled,622.8,East,High,1980
1981,2981,Furniture,item_1981,398.41,221.88,Cancelled,2338.79,West,High,1981
1982,2982,Toys,item_1982,322.37,389.0,Cancelled,2107.2,South,Low,1982
1983,2983,Furniture,item_1983,283.15,234.35,Pending,1945.46,South,High,1983
1984,2984,Clothing,item_1984,11.82,184.16,Cancelled,2805.06,East,Medium,
1985,2985,Electronics,item_1985,485.1,432.38,Completed,445.53,North,Low,1985
1986,2986,Electronics,item_1986,300.51,241.98,Cancelled,2988.6,East,High,1986
1987,2987,Electronics,item_1987,395.21,322.66,Completed,970.57,West,Medium,1987
1988,2988,Electronics,item_1988,36.91,157.1,Completed,2102.92,West,High,
1989,2989,Furniture,item_1989,490.84,487.81,Pending,271.58,East,Low,1989
1990,2990,Electronics,item_1990,22.81,149.73,Completed,2149.81,South,Low,1990
1991,2991,Electronics,item_1991,187.64,56.63,Pending,2315.6,East,High,1991
1992,2992,Clothing,item_1992,295.29,48.63,Completed,865.72,North,Low,1992
1993,2993,Toys,item_1993,436.45,277.57,Cancelled,1990.8,North,Medium,1993
1994,2994,Electronics,item_1994,162.83,440.2,Completed,1990.8,East,Low,1994
1995,2995,Electronics,item_1995,56.21,472.9,Completed,365.14,West,High,1995
1996,2996,Grocery,item_1996,208.93,62.38,Completed,1793.02,South,High,1996
1997,2997,Clothing,item_1997,327.76,288.82,Completed,1910.97,North,Medium,1997
1998,2998,Clothing,item_1998,92.99,479.07,Cancelled,1553.57,West,High,1998
1999,2999,Grocery,item_1999,292.58,367.63,Completed,1503.33,South,High,1999
2000,3000,Toys,item_2000,336.77,104.31,Cancelled,913.48,South,Medium,2000
